article_id,title,content,source,published_date,attack_type_mentioned,sector_mentioned,province_mentioned,sentiment,word_count,scraped_at
NEWS-000001,BSSN Ungkap Lonjakan Kasus Phishing Sepanjang 2023,"Laporan terbaru menunjukkan adanya kasus Phishing yang menargetkan 
            sektor Kesehatan di wilayah Surabaya. Menurut sumber dari 
            Kepolisian, insiden ini 
            terjadi pada 03 July 2023. Para ahli keamanan siber 
            menyarankan masyarakat untuk meningkatkan kewaspadaan terhadap ancaman 
            serupa. Kerugian diperkirakan mencapai ratusan juta hingga miliaran rupiah.",detik.com,2023-07-03,Phishing,Kesehatan,Surabaya,negative,44,2025-12-24 12:38:01.494019
NEWS-000002,Serangan Phishing Menargetkan E-Commerce di Surabaya,"Laporan terbaru menunjukkan adanya kasus Phishing yang menargetkan 
            sektor E-Commerce di wilayah Surabaya. Menurut sumber dari 
            Kepolisian, insiden ini 
            terjadi pada 26 December 2022. Para ahli keamanan siber 
            menyarankan masyarakat untuk meningkatkan kewaspadaan terhadap ancaman 
            serupa. Kerugian diperkirakan mencapai ratusan juta hingga miliaran rupiah.",republika.co.id,2022-12-26,Phishing,E-Commerce,Surabaya,negative,44,2025-12-24 12:38:01.494095
NEWS-000003,Perbankan Kehilangan Data Jutaan Pengguna Akibat Malware,"Laporan terbaru menunjukkan adanya kasus Malware yang menargetkan 
            sektor Perbankan di wilayah Jawa Timur. Menurut sumber dari 
            BSSN, insiden ini 
            terjadi pada 23 May 2023. Para ahli keamanan siber 
            menyarankan masyarakat untuk meningkatkan kewaspadaan terhadap ancaman 
            serupa. Kerugian diperkirakan mencapai ratusan juta hingga miliaran rupiah.",tribunnews.com,2023-05-23,Malware,Perbankan,Jawa Timur,positive,45,2025-12-24 12:38:01.494138
NEWS-000004,Polri Tangkap Pelaku Ransomware yang Rugikan Korban Rp 50 Juta,"Laporan terbaru menunjukkan adanya kasus Ransomware yang menargetkan 
            sektor E-Commerce di wilayah Yogyakarta. Menurut sumber dari 
            Kepolisian, insiden ini 
            terjadi pada 22 November 2021. Para ahli keamanan siber 
            menyarankan masyarakat untuk meningkatkan kewaspadaan terhadap ancaman 
            serupa. Kerugian diperkirakan mencapai ratusan juta hingga miliaran rupiah.",liputan6.com,2021-11-22,Ransomware,E-Commerce,Yogyakarta,neutral,44,2025-12-24 12:38:01.494171
NEWS-000005,Tips Lindungi Data dari Skimming Menurut Pakar Keamanan,"Laporan terbaru menunjukkan adanya kasus Skimming yang menargetkan 
            sektor E-Commerce di wilayah Yogyakarta. Menurut sumber dari 
            Kepolisian, insiden ini 
            terjadi pada 21 October 2024. Para ahli keamanan siber 
            menyarankan masyarakat untuk meningkatkan kewaspadaan terhadap ancaman 
            serupa. Kerugian diperkirakan mencapai ratusan juta hingga miliaran rupiah.",tempo.co,2024-10-21,Skimming,E-Commerce,Yogyakarta,negative,44,2025-12-24 12:38:01.494206
NEWS-000006,BSSN Ungkap Lonjakan Kasus Phishing Sepanjang 2021,"Laporan terbaru menunjukkan adanya kasus Phishing yang menargetkan 
            sektor Fintech di wilayah Bandung. Menurut sumber dari 
            Kominfo, insiden ini 
            terjadi pada 08 July 2021. Para ahli keamanan siber 
            menyarankan masyarakat untuk meningkatkan kewaspadaan terhadap ancaman 
            serupa. Kerugian diperkirakan mencapai ratusan juta hingga miliaran rupiah.",liputan6.com,2021-07-08,Phishing,Fintech,Bandung,negative,44,2025-12-24 12:38:01.494237
NEWS-000007,Polri Tangkap Pelaku DDoS yang Rugikan Korban Rp 108 Juta,"Laporan terbaru menunjukkan adanya kasus DDoS yang menargetkan 
            sektor Pendidikan di wilayah Semarang. Menurut sumber dari 
            Kepolisian, insiden ini 
            terjadi pada 11 February 2024. Para ahli keamanan siber 
            menyarankan masyarakat untuk meningkatkan kewaspadaan terhadap ancaman 
            serupa. Kerugian diperkirakan mencapai ratusan juta hingga miliaran rupiah.",detik.com,2024-02-11,DDoS,Pendidikan,Semarang,neutral,44,2025-12-24 12:38:01.494267
NEWS-000008,Kerugian Akibat Skimming Capai Rp 237 Miliar,"Laporan terbaru menunjukkan adanya kasus Skimming yang menargetkan 
            sektor Fintech di wilayah Jawa Timur. Menurut sumber dari 
            Kepolisian, insiden ini 
            terjadi pada 02 April 2022. Para ahli keamanan siber 
            menyarankan masyarakat untuk meningkatkan kewaspadaan terhadap ancaman 
            serupa. Kerugian diperkirakan mencapai ratusan juta hingga miliaran rupiah.",tribunnews.com,2022-04-02,Skimming,Fintech,Jawa Timur,neutral,45,2025-12-24 12:38:01.494294
NEWS-000009,Serangan Kebocoran Data Menargetkan Perbankan di Semarang,"Laporan terbaru menunjukkan adanya kasus Kebocoran Data yang menargetkan 
            sektor Perbankan di wilayah Semarang. Menurut sumber dari 
            Kepolisian, insiden ini 
            terjadi pada 01 September 2022. Para ahli keamanan siber 
            menyarankan masyarakat untuk meningkatkan kewaspadaan terhadap ancaman 
            serupa. Kerugian diperkirakan mencapai ratusan juta hingga miliaran rupiah.",tempo.co,2022-09-01,Kebocoran Data,Perbankan,Semarang,negative,45,2025-12-24 12:38:01.494322
NEWS-000010,Tips Lindungi Data dari Hacking Menurut Pakar Keamanan,"Laporan terbaru menunjukkan adanya kasus Hacking yang menargetkan 
            sektor Startup di wilayah Jawa Timur. Menurut sumber dari 
            Kepolisian, insiden ini 
            terjadi pada 10 February 2024. Para ahli keamanan siber 
            menyarankan masyarakat untuk meningkatkan kewaspadaan terhadap ancaman 
            serupa. Kerugian diperkirakan mencapai ratusan juta hingga miliaran rupiah.",liputan6.com,2024-02-10,Hacking,Startup,Jawa Timur,neutral,45,2025-12-24 12:38:01.494351
NEWS-000011,Kominfo Blokir 103 Situs Terkait Hacking,"Laporan terbaru menunjukkan adanya kasus Hacking yang menargetkan 
            sektor Pendidikan di wilayah Surabaya. Menurut sumber dari 
            BSSN, insiden ini 
            terjadi pada 25 July 2024. Para ahli keamanan siber 
            menyarankan masyarakat untuk meningkatkan kewaspadaan terhadap ancaman 
            serupa. Kerugian diperkirakan mencapai ratusan juta hingga miliaran rupiah.",cnnindonesia.com,2024-07-25,Hacking,Pendidikan,Surabaya,neutral,44,2025-12-24 12:38:01.494383
NEWS-000012,Kominfo Blokir 551 Situs Terkait Ransomware,"Laporan terbaru menunjukkan adanya kasus Ransomware yang menargetkan 
            sektor Telekomunikasi di wilayah Yogyakarta. Menurut sumber dari 
            Kepolisian, insiden ini 
            terjadi pada 07 April 2021. Para ahli keamanan siber 
            menyarankan masyarakat untuk meningkatkan kewaspadaan terhadap ancaman 
            serupa. Kerugian diperkirakan mencapai ratusan juta hingga miliaran rupiah.",kompas.com,2021-04-07,Ransomware,Telekomunikasi,Yogyakarta,neutral,44,2025-12-24 12:38:01.494425
NEWS-000013,BSSN Ungkap Lonjakan Kasus Skimming Sepanjang 2023,"Laporan terbaru menunjukkan adanya kasus Skimming yang menargetkan 
            sektor Kesehatan di wilayah Semarang. Menurut sumber dari 
            Kominfo, insiden ini 
            terjadi pada 15 May 2023. Para ahli keamanan siber 
            menyarankan masyarakat untuk meningkatkan kewaspadaan terhadap ancaman 
            serupa. Kerugian diperkirakan mencapai ratusan juta hingga miliaran rupiah.",kompas.com,2023-05-15,Skimming,Kesehatan,Semarang,positive,44,2025-12-24 12:38:01.494452
NEWS-000014,Waspada! Modus Baru Skimming Melalui Email,"Laporan terbaru menunjukkan adanya kasus Skimming yang menargetkan 
            sektor Pemerintahan di wilayah Medan. Menurut sumber dari 
            Kominfo, insiden ini 
            terjadi pada 07 March 2023. Para ahli keamanan siber 
            menyarankan masyarakat untuk meningkatkan kewaspadaan terhadap ancaman 
            serupa. Kerugian diperkirakan mencapai ratusan juta hingga miliaran rupiah.",tribunnews.com,2023-03-07,Skimming,Pemerintahan,Medan,negative,44,2025-12-24 12:38:01.494479
NEWS-000015,Kerugian Akibat Skimming Capai Rp 307 Miliar,"Laporan terbaru menunjukkan adanya kasus Skimming yang menargetkan 
            sektor UMKM di wilayah Jakarta. Menurut sumber dari 
            BSSN, insiden ini 
            terjadi pada 23 June 2021. Para ahli keamanan siber 
            menyarankan masyarakat untuk meningkatkan kewaspadaan terhadap ancaman 
            serupa. Kerugian diperkirakan mencapai ratusan juta hingga miliaran rupiah.",tempo.co,2021-06-23,Skimming,UMKM,Jakarta,neutral,44,2025-12-24 12:38:01.494506
NEWS-000016,Waspada! Modus Baru Kebocoran Data Melalui Email,"Laporan terbaru menunjukkan adanya kasus Kebocoran Data yang menargetkan 
            sektor Perbankan di wilayah Surabaya. Menurut sumber dari 
            Kominfo, insiden ini 
            terjadi pada 19 August 2023. Para ahli keamanan siber 
            menyarankan masyarakat untuk meningkatkan kewaspadaan terhadap ancaman 
            serupa. Kerugian diperkirakan mencapai ratusan juta hingga miliaran rupiah.",detik.com,2023-08-19,Kebocoran Data,Perbankan,Surabaya,positive,45,2025-12-24 12:38:01.494533
NEWS-000017,Kasus DDoS di Bali Meningkat 145%,"Laporan terbaru menunjukkan adanya kasus DDoS yang menargetkan 
            sektor Pemerintahan di wilayah Bali. Menurut sumber dari 
            Kepolisian, insiden ini 
            terjadi pada 13 August 2021. Para ahli keamanan siber 
            menyarankan masyarakat untuk meningkatkan kewaspadaan terhadap ancaman 
            serupa. Kerugian diperkirakan mencapai ratusan juta hingga miliaran rupiah.",republika.co.id,2021-08-13,DDoS,Pemerintahan,Bali,positive,44,2025-12-24 12:38:01.494571
NEWS-000018,Kasus Kebocoran Data di Yogyakarta Meningkat 142%,"Laporan terbaru menunjukkan adanya kasus Kebocoran Data yang menargetkan 
            sektor Kesehatan di wilayah Yogyakarta. Menurut sumber dari 
            Kominfo, insiden ini 
            terjadi pada 17 November 2022. Para ahli keamanan siber 
            menyarankan masyarakat untuk meningkatkan kewaspadaan terhadap ancaman 
            serupa. Kerugian diperkirakan mencapai ratusan juta hingga miliaran rupiah.",detik.com,2022-11-17,Kebocoran Data,Kesehatan,Yogyakarta,negative,45,2025-12-24 12:38:01.494602
NEWS-000019,BSSN Ungkap Lonjakan Kasus Social Engineering Sepanjang 2022,"Laporan terbaru menunjukkan adanya kasus Social Engineering yang menargetkan 
            sektor Perbankan di wilayah Makassar. Menurut sumber dari 
            BSSN, insiden ini 
            terjadi pada 28 May 2022. Para ahli keamanan siber 
            menyarankan masyarakat untuk meningkatkan kewaspadaan terhadap ancaman 
            serupa. Kerugian diperkirakan mencapai ratusan juta hingga miliaran rupiah.",detik.com,2022-05-28,Social Engineering,Perbankan,Makassar,neutral,45,2025-12-24 12:38:01.494630
NEWS-000020,Serangan Kebocoran Data Menargetkan E-Commerce di Jakarta,"Laporan terbaru menunjukkan adanya kasus Kebocoran Data yang menargetkan 
            sektor E-Commerce di wilayah Jakarta. Menurut sumber dari 
            BSSN, insiden ini 
            terjadi pada 02 September 2022. Para ahli keamanan siber 
            menyarankan masyarakat untuk meningkatkan kewaspadaan terhadap ancaman 
            serupa. Kerugian diperkirakan mencapai ratusan juta hingga miliaran rupiah.",liputan6.com,2022-09-02,Kebocoran Data,E-Commerce,Jakarta,neutral,45,2025-12-24 12:38:01.494658
NEWS-000021,Pemerintahan Indonesia Jadi Target Utama Skimming,"Laporan terbaru menunjukkan adanya kasus Skimming yang menargetkan 
            sektor Pemerintahan di wilayah Makassar. Menurut sumber dari 
            Kominfo, insiden ini 
            terjadi pada 07 May 2022. Para ahli keamanan siber 
            menyarankan masyarakat untuk meningkatkan kewaspadaan terhadap ancaman 
            serupa. Kerugian diperkirakan mencapai ratusan juta hingga miliaran rupiah.",tribunnews.com,2022-05-07,Skimming,Pemerintahan,Makassar,negative,44,2025-12-24 12:38:01.494692
NEWS-000022,Kominfo Blokir 699 Situs Terkait Social Engineering,"Laporan terbaru menunjukkan adanya kasus Social Engineering yang menargetkan 
            sektor Telekomunikasi di wilayah Yogyakarta. Menurut sumber dari 
            Kepolisian, insiden ini 
            terjadi pada 03 December 2023. Para ahli keamanan siber 
            menyarankan masyarakat untuk meningkatkan kewaspadaan terhadap ancaman 
            serupa. Kerugian diperkirakan mencapai ratusan juta hingga miliaran rupiah.",detik.com,2023-12-03,Social Engineering,Telekomunikasi,Yogyakarta,negative,45,2025-12-24 12:38:01.494720
NEWS-000023,Polri Tangkap Pelaku Ransomware yang Rugikan Korban Rp 98 Juta,"Laporan terbaru menunjukkan adanya kasus Ransomware yang menargetkan 
            sektor Fintech di wilayah Surabaya. Menurut sumber dari 
            BSSN, insiden ini 
            terjadi pada 29 June 2021. Para ahli keamanan siber 
            menyarankan masyarakat untuk meningkatkan kewaspadaan terhadap ancaman 
            serupa. Kerugian diperkirakan mencapai ratusan juta hingga miliaran rupiah.",liputan6.com,2021-06-29,Ransomware,Fintech,Surabaya,negative,44,2025-12-24 12:38:01.494750
NEWS-000024,BSSN Ungkap Lonjakan Kasus Penipuan Online Sepanjang 2023,"Laporan terbaru menunjukkan adanya kasus Penipuan Online yang menargetkan 
            sektor UMKM di wilayah Jawa Barat. Menurut sumber dari 
            BSSN, insiden ini 
            terjadi pada 10 May 2023. Para ahli keamanan siber 
            menyarankan masyarakat untuk meningkatkan kewaspadaan terhadap ancaman 
            serupa. Kerugian diperkirakan mencapai ratusan juta hingga miliaran rupiah.",republika.co.id,2023-05-10,Penipuan Online,UMKM,Jawa Barat,negative,46,2025-12-24 12:38:01.494779
NEWS-000025,Perbankan Indonesia Jadi Target Utama Hacking,"Laporan terbaru menunjukkan adanya kasus Hacking yang menargetkan 
            sektor Perbankan di wilayah Jawa Timur. Menurut sumber dari 
            Kominfo, insiden ini 
            terjadi pada 02 May 2022. Para ahli keamanan siber 
            menyarankan masyarakat untuk meningkatkan kewaspadaan terhadap ancaman 
            serupa. Kerugian diperkirakan mencapai ratusan juta hingga miliaran rupiah.",liputan6.com,2022-05-02,Hacking,Perbankan,Jawa Timur,negative,45,2025-12-24 12:38:01.494807
NEWS-000026,Kasus Penipuan Online di Surabaya Meningkat 158%,"Laporan terbaru menunjukkan adanya kasus Penipuan Online yang menargetkan 
            sektor Pemerintahan di wilayah Surabaya. Menurut sumber dari 
            Kepolisian, insiden ini 
            terjadi pada 12 September 2022. Para ahli keamanan siber 
            menyarankan masyarakat untuk meningkatkan kewaspadaan terhadap ancaman 
            serupa. Kerugian diperkirakan mencapai ratusan juta hingga miliaran rupiah.",kompas.com,2022-09-12,Penipuan Online,Pemerintahan,Surabaya,neutral,45,2025-12-24 12:38:01.494834
NEWS-000027,Serangan Phishing Menargetkan Startup di Medan,"Laporan terbaru menunjukkan adanya kasus Phishing yang menargetkan 
            sektor Startup di wilayah Medan. Menurut sumber dari 
            BSSN, insiden ini 
            terjadi pada 06 May 2023. Para ahli keamanan siber 
            menyarankan masyarakat untuk meningkatkan kewaspadaan terhadap ancaman 
            serupa. Kerugian diperkirakan mencapai ratusan juta hingga miliaran rupiah.",cnnindonesia.com,2023-05-06,Phishing,Startup,Medan,negative,44,2025-12-24 12:38:01.494863
NEWS-000028,BSSN Ungkap Lonjakan Kasus Kebocoran Data Sepanjang 2022,"Laporan terbaru menunjukkan adanya kasus Kebocoran Data yang menargetkan 
            sektor Telekomunikasi di wilayah Jawa Barat. Menurut sumber dari 
            BSSN, insiden ini 
            terjadi pada 23 January 2022. Para ahli keamanan siber 
            menyarankan masyarakat untuk meningkatkan kewaspadaan terhadap ancaman 
            serupa. Kerugian diperkirakan mencapai ratusan juta hingga miliaran rupiah.",detik.com,2022-01-23,Kebocoran Data,Telekomunikasi,Jawa Barat,negative,46,2025-12-24 12:38:01.494890
NEWS-000029,Pendidikan Kehilangan Data Jutaan Pengguna Akibat Skimming,"Laporan terbaru menunjukkan adanya kasus Skimming yang menargetkan 
            sektor Pendidikan di wilayah Bandung. Menurut sumber dari 
            Kominfo, insiden ini 
            terjadi pada 05 August 2022. Para ahli keamanan siber 
            menyarankan masyarakat untuk meningkatkan kewaspadaan terhadap ancaman 
            serupa. Kerugian diperkirakan mencapai ratusan juta hingga miliaran rupiah.",cnnindonesia.com,2022-08-05,Skimming,Pendidikan,Bandung,neutral,44,2025-12-24 12:38:01.494920
NEWS-000030,Waspada! Modus Baru Penipuan Online Melalui QR Code,"Laporan terbaru menunjukkan adanya kasus Penipuan Online yang menargetkan 
            sektor Pendidikan di wilayah Jawa Barat. Menurut sumber dari 
            BSSN, insiden ini 
            terjadi pada 05 December 2022. Para ahli keamanan siber 
            menyarankan masyarakat untuk meningkatkan kewaspadaan terhadap ancaman 
            serupa. Kerugian diperkirakan mencapai ratusan juta hingga miliaran rupiah.",detik.com,2022-12-05,Penipuan Online,Pendidikan,Jawa Barat,negative,46,2025-12-24 12:38:01.494946
NEWS-000031,Kasus Malware di Semarang Meningkat 72%,"Laporan terbaru menunjukkan adanya kasus Malware yang menargetkan 
            sektor Pemerintahan di wilayah Semarang. Menurut sumber dari 
            Kominfo, insiden ini 
            terjadi pada 12 October 2021. Para ahli keamanan siber 
            menyarankan masyarakat untuk meningkatkan kewaspadaan terhadap ancaman 
            serupa. Kerugian diperkirakan mencapai ratusan juta hingga miliaran rupiah.",liputan6.com,2021-10-12,Malware,Pemerintahan,Semarang,negative,44,2025-12-24 12:38:01.494976
NEWS-000032,Kasus Malware di Jakarta Meningkat 179%,"Laporan terbaru menunjukkan adanya kasus Malware yang menargetkan 
            sektor UMKM di wilayah Jakarta. Menurut sumber dari 
            BSSN, insiden ini 
            terjadi pada 06 May 2022. Para ahli keamanan siber 
            menyarankan masyarakat untuk meningkatkan kewaspadaan terhadap ancaman 
            serupa. Kerugian diperkirakan mencapai ratusan juta hingga miliaran rupiah.",cnnindonesia.com,2022-05-06,Malware,UMKM,Jakarta,negative,44,2025-12-24 12:38:01.495003
NEWS-000033,BSSN Ungkap Lonjakan Kasus Skimming Sepanjang 2023,"Laporan terbaru menunjukkan adanya kasus Skimming yang menargetkan 
            sektor Pemerintahan di wilayah Bandung. Menurut sumber dari 
            BSSN, insiden ini 
            terjadi pada 02 April 2023. Para ahli keamanan siber 
            menyarankan masyarakat untuk meningkatkan kewaspadaan terhadap ancaman 
            serupa. Kerugian diperkirakan mencapai ratusan juta hingga miliaran rupiah.",liputan6.com,2023-04-02,Skimming,Pemerintahan,Bandung,negative,44,2025-12-24 12:38:01.495030
NEWS-000034,Waspada! Modus Baru Phishing Melalui Aplikasi Berbahaya,"Laporan terbaru menunjukkan adanya kasus Phishing yang menargetkan 
            sektor E-Commerce di wilayah Yogyakarta. Menurut sumber dari 
            Kominfo, insiden ini 
            terjadi pada 16 October 2020. Para ahli keamanan siber 
            menyarankan masyarakat untuk meningkatkan kewaspadaan terhadap ancaman 
            serupa. Kerugian diperkirakan mencapai ratusan juta hingga miliaran rupiah.",cnnindonesia.com,2020-10-16,Phishing,E-Commerce,Yogyakarta,neutral,44,2025-12-24 12:38:01.495056
NEWS-000035,Waspada! Modus Baru DDoS Melalui Website Palsu,"Laporan terbaru menunjukkan adanya kasus DDoS yang menargetkan 
            sektor Startup di wilayah Medan. Menurut sumber dari 
            BSSN, insiden ini 
            terjadi pada 28 January 2021. Para ahli keamanan siber 
            menyarankan masyarakat untuk meningkatkan kewaspadaan terhadap ancaman 
            serupa. Kerugian diperkirakan mencapai ratusan juta hingga miliaran rupiah.",detik.com,2021-01-28,DDoS,Startup,Medan,neutral,44,2025-12-24 12:38:01.495084
NEWS-000036,Kerugian Akibat Skimming Capai Rp 299 Miliar,"Laporan terbaru menunjukkan adanya kasus Skimming yang menargetkan 
            sektor Perbankan di wilayah Semarang. Menurut sumber dari 
            BSSN, insiden ini 
            terjadi pada 03 June 2022. Para ahli keamanan siber 
            menyarankan masyarakat untuk meningkatkan kewaspadaan terhadap ancaman 
            serupa. Kerugian diperkirakan mencapai ratusan juta hingga miliaran rupiah.",liputan6.com,2022-06-03,Skimming,Perbankan,Semarang,negative,44,2025-12-24 12:38:01.495114
NEWS-000037,Serangan Social Engineering Menargetkan Fintech di Surabaya,"Laporan terbaru menunjukkan adanya kasus Social Engineering yang menargetkan 
            sektor Fintech di wilayah Surabaya. Menurut sumber dari 
            Kominfo, insiden ini 
            terjadi pada 13 February 2023. Para ahli keamanan siber 
            menyarankan masyarakat untuk meningkatkan kewaspadaan terhadap ancaman 
            serupa. Kerugian diperkirakan mencapai ratusan juta hingga miliaran rupiah.",cnnindonesia.com,2023-02-13,Social Engineering,Fintech,Surabaya,neutral,45,2025-12-24 12:38:01.495147
NEWS-000038,Pemerintahan Indonesia Jadi Target Utama DDoS,"Laporan terbaru menunjukkan adanya kasus DDoS yang menargetkan 
            sektor Pemerintahan di wilayah Yogyakarta. Menurut sumber dari 
            Kominfo, insiden ini 
            terjadi pada 04 October 2024. Para ahli keamanan siber 
            menyarankan masyarakat untuk meningkatkan kewaspadaan terhadap ancaman 
            serupa. Kerugian diperkirakan mencapai ratusan juta hingga miliaran rupiah.",tribunnews.com,2024-10-04,DDoS,Pemerintahan,Yogyakarta,negative,44,2025-12-24 12:38:01.495175
NEWS-000039,BSSN Ungkap Lonjakan Kasus Hacking Sepanjang 2022,"Laporan terbaru menunjukkan adanya kasus Hacking yang menargetkan 
            sektor Perbankan di wilayah Bali. Menurut sumber dari 
            Kominfo, insiden ini 
            terjadi pada 23 July 2022. Para ahli keamanan siber 
            menyarankan masyarakat untuk meningkatkan kewaspadaan terhadap ancaman 
            serupa. Kerugian diperkirakan mencapai ratusan juta hingga miliaran rupiah.",liputan6.com,2022-07-23,Hacking,Perbankan,Bali,neutral,44,2025-12-24 12:38:01.495202
NEWS-000040,Perbankan Indonesia Jadi Target Utama Kebocoran Data,"Laporan terbaru menunjukkan adanya kasus Kebocoran Data yang menargetkan 
            sektor Perbankan di wilayah Surabaya. Menurut sumber dari 
            Kominfo, insiden ini 
            terjadi pada 13 February 2021. Para ahli keamanan siber 
            menyarankan masyarakat untuk meningkatkan kewaspadaan terhadap ancaman 
            serupa. Kerugian diperkirakan mencapai ratusan juta hingga miliaran rupiah.",tempo.co,2021-02-13,Kebocoran Data,Perbankan,Surabaya,neutral,45,2025-12-24 12:38:01.495229
NEWS-000041,Kominfo Blokir 192 Situs Terkait Skimming,"Laporan terbaru menunjukkan adanya kasus Skimming yang menargetkan 
            sektor Pendidikan di wilayah Jakarta. Menurut sumber dari 
            Kominfo, insiden ini 
            terjadi pada 26 October 2020. Para ahli keamanan siber 
            menyarankan masyarakat untuk meningkatkan kewaspadaan terhadap ancaman 
            serupa. Kerugian diperkirakan mencapai ratusan juta hingga miliaran rupiah.",kompas.com,2020-10-26,Skimming,Pendidikan,Jakarta,negative,44,2025-12-24 12:38:01.495267
NEWS-000042,Kominfo Blokir 404 Situs Terkait Social Engineering,"Laporan terbaru menunjukkan adanya kasus Social Engineering yang menargetkan 
            sektor Pendidikan di wilayah Yogyakarta. Menurut sumber dari 
            BSSN, insiden ini 
            terjadi pada 28 June 2022. Para ahli keamanan siber 
            menyarankan masyarakat untuk meningkatkan kewaspadaan terhadap ancaman 
            serupa. Kerugian diperkirakan mencapai ratusan juta hingga miliaran rupiah.",liputan6.com,2022-06-28,Social Engineering,Pendidikan,Yogyakarta,negative,45,2025-12-24 12:38:01.495297
NEWS-000043,Kominfo Blokir 382 Situs Terkait Phishing,"Laporan terbaru menunjukkan adanya kasus Phishing yang menargetkan 
            sektor UMKM di wilayah Medan. Menurut sumber dari 
            BSSN, insiden ini 
            terjadi pada 26 July 2024. Para ahli keamanan siber 
            menyarankan masyarakat untuk meningkatkan kewaspadaan terhadap ancaman 
            serupa. Kerugian diperkirakan mencapai ratusan juta hingga miliaran rupiah.",tempo.co,2024-07-26,Phishing,UMKM,Medan,neutral,44,2025-12-24 12:38:01.495323
NEWS-000044,BSSN Ungkap Lonjakan Kasus Malware Sepanjang 2020,"Laporan terbaru menunjukkan adanya kasus Malware yang menargetkan 
            sektor UMKM di wilayah Bandung. Menurut sumber dari 
            Kepolisian, insiden ini 
            terjadi pada 21 December 2020. Para ahli keamanan siber 
            menyarankan masyarakat untuk meningkatkan kewaspadaan terhadap ancaman 
            serupa. Kerugian diperkirakan mencapai ratusan juta hingga miliaran rupiah.",liputan6.com,2020-12-21,Malware,UMKM,Bandung,negative,44,2025-12-24 12:38:01.495351
NEWS-000045,Telekomunikasi Indonesia Jadi Target Utama Hacking,"Laporan terbaru menunjukkan adanya kasus Hacking yang menargetkan 
            sektor Telekomunikasi di wilayah Jawa Timur. Menurut sumber dari 
            BSSN, insiden ini 
            terjadi pada 18 May 2022. Para ahli keamanan siber 
            menyarankan masyarakat untuk meningkatkan kewaspadaan terhadap ancaman 
            serupa. Kerugian diperkirakan mencapai ratusan juta hingga miliaran rupiah.",liputan6.com,2022-05-18,Hacking,Telekomunikasi,Jawa Timur,negative,45,2025-12-24 12:38:01.495380
NEWS-000046,Kominfo Blokir 533 Situs Terkait Social Engineering,"Laporan terbaru menunjukkan adanya kasus Social Engineering yang menargetkan 
            sektor Startup di wilayah Bali. Menurut sumber dari 
            Kepolisian, insiden ini 
            terjadi pada 29 January 2023. Para ahli keamanan siber 
            menyarankan masyarakat untuk meningkatkan kewaspadaan terhadap ancaman 
            serupa. Kerugian diperkirakan mencapai ratusan juta hingga miliaran rupiah.",cnnindonesia.com,2023-01-29,Social Engineering,Startup,Bali,neutral,45,2025-12-24 12:38:01.495420
NEWS-000047,Waspada! Modus Baru Skimming Melalui Link Palsu,"Laporan terbaru menunjukkan adanya kasus Skimming yang menargetkan 
            sektor Pendidikan di wilayah Jawa Barat. Menurut sumber dari 
            BSSN, insiden ini 
            terjadi pada 20 December 2021. Para ahli keamanan siber 
            menyarankan masyarakat untuk meningkatkan kewaspadaan terhadap ancaman 
            serupa. Kerugian diperkirakan mencapai ratusan juta hingga miliaran rupiah.",tribunnews.com,2021-12-20,Skimming,Pendidikan,Jawa Barat,negative,45,2025-12-24 12:38:01.495455
NEWS-000048,Serangan Kebocoran Data Menargetkan Startup di Makassar,"Laporan terbaru menunjukkan adanya kasus Kebocoran Data yang menargetkan 
            sektor Startup di wilayah Makassar. Menurut sumber dari 
            Kepolisian, insiden ini 
            terjadi pada 12 December 2023. Para ahli keamanan siber 
            menyarankan masyarakat untuk meningkatkan kewaspadaan terhadap ancaman 
            serupa. Kerugian diperkirakan mencapai ratusan juta hingga miliaran rupiah.",tribunnews.com,2023-12-12,Kebocoran Data,Startup,Makassar,neutral,45,2025-12-24 12:38:01.495484
NEWS-000049,Kominfo Blokir 924 Situs Terkait Penipuan Online,"Laporan terbaru menunjukkan adanya kasus Penipuan Online yang menargetkan 
            sektor Telekomunikasi di wilayah Surabaya. Menurut sumber dari 
            Kominfo, insiden ini 
            terjadi pada 11 October 2023. Para ahli keamanan siber 
            menyarankan masyarakat untuk meningkatkan kewaspadaan terhadap ancaman 
            serupa. Kerugian diperkirakan mencapai ratusan juta hingga miliaran rupiah.",tribunnews.com,2023-10-11,Penipuan Online,Telekomunikasi,Surabaya,negative,45,2025-12-24 12:38:01.495514
NEWS-000050,Kasus Penipuan Online di Medan Meningkat 44%,"Laporan terbaru menunjukkan adanya kasus Penipuan Online yang menargetkan 
            sektor Perbankan di wilayah Medan. Menurut sumber dari 
            Kominfo, insiden ini 
            terjadi pada 10 March 2021. Para ahli keamanan siber 
            menyarankan masyarakat untuk meningkatkan kewaspadaan terhadap ancaman 
            serupa. Kerugian diperkirakan mencapai ratusan juta hingga miliaran rupiah.",tempo.co,2021-03-10,Penipuan Online,Perbankan,Medan,positive,45,2025-12-24 12:38:01.495546
NEWS-000051,Tips Lindungi Data dari Skimming Menurut Pakar Keamanan,"Laporan terbaru menunjukkan adanya kasus Skimming yang menargetkan 
            sektor Telekomunikasi di wilayah Medan. Menurut sumber dari 
            Kominfo, insiden ini 
            terjadi pada 20 April 2023. Para ahli keamanan siber 
            menyarankan masyarakat untuk meningkatkan kewaspadaan terhadap ancaman 
            serupa. Kerugian diperkirakan mencapai ratusan juta hingga miliaran rupiah.",liputan6.com,2023-04-20,Skimming,Telekomunikasi,Medan,neutral,44,2025-12-24 12:38:01.495577
NEWS-000052,Waspada! Modus Baru Skimming Melalui QR Code,"Laporan terbaru menunjukkan adanya kasus Skimming yang menargetkan 
            sektor Startup di wilayah Surabaya. Menurut sumber dari 
            Kominfo, insiden ini 
            terjadi pada 11 August 2023. Para ahli keamanan siber 
            menyarankan masyarakat untuk meningkatkan kewaspadaan terhadap ancaman 
            serupa. Kerugian diperkirakan mencapai ratusan juta hingga miliaran rupiah.",tribunnews.com,2023-08-11,Skimming,Startup,Surabaya,negative,44,2025-12-24 12:38:01.495605
NEWS-000053,Polri Tangkap Pelaku Skimming yang Rugikan Korban Rp 78 Juta,"Laporan terbaru menunjukkan adanya kasus Skimming yang menargetkan 
            sektor E-Commerce di wilayah Jawa Timur. Menurut sumber dari 
            BSSN, insiden ini 
            terjadi pada 30 June 2022. Para ahli keamanan siber 
            menyarankan masyarakat untuk meningkatkan kewaspadaan terhadap ancaman 
            serupa. Kerugian diperkirakan mencapai ratusan juta hingga miliaran rupiah.",tribunnews.com,2022-06-30,Skimming,E-Commerce,Jawa Timur,negative,45,2025-12-24 12:38:01.495636
NEWS-000054,Kominfo Blokir 221 Situs Terkait Social Engineering,"Laporan terbaru menunjukkan adanya kasus Social Engineering yang menargetkan 
            sektor UMKM di wilayah Bali. Menurut sumber dari 
            Kominfo, insiden ini 
            terjadi pada 10 August 2021. Para ahli keamanan siber 
            menyarankan masyarakat untuk meningkatkan kewaspadaan terhadap ancaman 
            serupa. Kerugian diperkirakan mencapai ratusan juta hingga miliaran rupiah.",kompas.com,2021-08-10,Social Engineering,UMKM,Bali,neutral,45,2025-12-24 12:38:01.495665
NEWS-000055,Startup Kehilangan Data Jutaan Pengguna Akibat Hacking,"Laporan terbaru menunjukkan adanya kasus Hacking yang menargetkan 
            sektor Startup di wilayah Jakarta. Menurut sumber dari 
            Kominfo, insiden ini 
            terjadi pada 30 March 2024. Para ahli keamanan siber 
            menyarankan masyarakat untuk meningkatkan kewaspadaan terhadap ancaman 
            serupa. Kerugian diperkirakan mencapai ratusan juta hingga miliaran rupiah.",tribunnews.com,2024-03-30,Hacking,Startup,Jakarta,negative,44,2025-12-24 12:38:01.495694
NEWS-000056,Waspada! Modus Baru Hacking Melalui Media Sosial,"Laporan terbaru menunjukkan adanya kasus Hacking yang menargetkan 
            sektor Startup di wilayah Jakarta. Menurut sumber dari 
            Kominfo, insiden ini 
            terjadi pada 25 April 2021. Para ahli keamanan siber 
            menyarankan masyarakat untuk meningkatkan kewaspadaan terhadap ancaman 
            serupa. Kerugian diperkirakan mencapai ratusan juta hingga miliaran rupiah.",cnnindonesia.com,2021-04-25,Hacking,Startup,Jakarta,neutral,44,2025-12-24 12:38:01.495722
NEWS-000057,Kerugian Akibat Skimming Capai Rp 304 Miliar,"Laporan terbaru menunjukkan adanya kasus Skimming yang menargetkan 
            sektor Perbankan di wilayah Yogyakarta. Menurut sumber dari 
            Kominfo, insiden ini 
            terjadi pada 25 December 2021. Para ahli keamanan siber 
            menyarankan masyarakat untuk meningkatkan kewaspadaan terhadap ancaman 
            serupa. Kerugian diperkirakan mencapai ratusan juta hingga miliaran rupiah.",cnnindonesia.com,2021-12-25,Skimming,Perbankan,Yogyakarta,neutral,44,2025-12-24 12:38:01.495751
NEWS-000058,Kerugian Akibat Phishing Capai Rp 168 Miliar,"Laporan terbaru menunjukkan adanya kasus Phishing yang menargetkan 
            sektor Kesehatan di wilayah Yogyakarta. Menurut sumber dari 
            Kominfo, insiden ini 
            terjadi pada 02 June 2023. Para ahli keamanan siber 
            menyarankan masyarakat untuk meningkatkan kewaspadaan terhadap ancaman 
            serupa. Kerugian diperkirakan mencapai ratusan juta hingga miliaran rupiah.",republika.co.id,2023-06-02,Phishing,Kesehatan,Yogyakarta,negative,44,2025-12-24 12:38:01.495780
NEWS-000059,Kominfo Blokir 984 Situs Terkait Malware,"Laporan terbaru menunjukkan adanya kasus Malware yang menargetkan 
            sektor E-Commerce di wilayah Bali. Menurut sumber dari 
            BSSN, insiden ini 
            terjadi pada 03 February 2024. Para ahli keamanan siber 
            menyarankan masyarakat untuk meningkatkan kewaspadaan terhadap ancaman 
            serupa. Kerugian diperkirakan mencapai ratusan juta hingga miliaran rupiah.",detik.com,2024-02-03,Malware,E-Commerce,Bali,neutral,44,2025-12-24 12:38:01.495813
NEWS-000060,Serangan Phishing Menargetkan Fintech di Surabaya,"Laporan terbaru menunjukkan adanya kasus Phishing yang menargetkan 
            sektor Fintech di wilayah Surabaya. Menurut sumber dari 
            BSSN, insiden ini 
            terjadi pada 22 May 2024. Para ahli keamanan siber 
            menyarankan masyarakat untuk meningkatkan kewaspadaan terhadap ancaman 
            serupa. Kerugian diperkirakan mencapai ratusan juta hingga miliaran rupiah.",cnnindonesia.com,2024-05-22,Phishing,Fintech,Surabaya,negative,44,2025-12-24 12:38:01.495842
NEWS-000061,BSSN Ungkap Lonjakan Kasus Kebocoran Data Sepanjang 2021,"Laporan terbaru menunjukkan adanya kasus Kebocoran Data yang menargetkan 
            sektor Startup di wilayah Bandung. Menurut sumber dari 
            Kepolisian, insiden ini 
            terjadi pada 26 October 2021. Para ahli keamanan siber 
            menyarankan masyarakat untuk meningkatkan kewaspadaan terhadap ancaman 
            serupa. Kerugian diperkirakan mencapai ratusan juta hingga miliaran rupiah.",detik.com,2021-10-26,Kebocoran Data,Startup,Bandung,neutral,45,2025-12-24 12:38:01.495876
NEWS-000062,Kerugian Akibat Malware Capai Rp 14 Miliar,"Laporan terbaru menunjukkan adanya kasus Malware yang menargetkan 
            sektor E-Commerce di wilayah Makassar. Menurut sumber dari 
            Kominfo, insiden ini 
            terjadi pada 25 March 2024. Para ahli keamanan siber 
            menyarankan masyarakat untuk meningkatkan kewaspadaan terhadap ancaman 
            serupa. Kerugian diperkirakan mencapai ratusan juta hingga miliaran rupiah.",republika.co.id,2024-03-25,Malware,E-Commerce,Makassar,neutral,44,2025-12-24 12:38:01.495905
NEWS-000063,Fintech Indonesia Jadi Target Utama Ransomware,"Laporan terbaru menunjukkan adanya kasus Ransomware yang menargetkan 
            sektor Fintech di wilayah Jawa Barat. Menurut sumber dari 
            Kepolisian, insiden ini 
            terjadi pada 24 October 2022. Para ahli keamanan siber 
            menyarankan masyarakat untuk meningkatkan kewaspadaan terhadap ancaman 
            serupa. Kerugian diperkirakan mencapai ratusan juta hingga miliaran rupiah.",detik.com,2022-10-24,Ransomware,Fintech,Jawa Barat,neutral,45,2025-12-24 12:38:01.495933
NEWS-000064,Pendidikan Kehilangan Data Jutaan Pengguna Akibat Phishing,"Laporan terbaru menunjukkan adanya kasus Phishing yang menargetkan 
            sektor Pendidikan di wilayah Medan. Menurut sumber dari 
            Kepolisian, insiden ini 
            terjadi pada 10 November 2022. Para ahli keamanan siber 
            menyarankan masyarakat untuk meningkatkan kewaspadaan terhadap ancaman 
            serupa. Kerugian diperkirakan mencapai ratusan juta hingga miliaran rupiah.",tempo.co,2022-11-10,Phishing,Pendidikan,Medan,negative,44,2025-12-24 12:38:01.495966
NEWS-000065,Kominfo Blokir 660 Situs Terkait Penipuan Online,"Laporan terbaru menunjukkan adanya kasus Penipuan Online yang menargetkan 
            sektor E-Commerce di wilayah Yogyakarta. Menurut sumber dari 
            Kepolisian, insiden ini 
            terjadi pada 12 June 2022. Para ahli keamanan siber 
            menyarankan masyarakat untuk meningkatkan kewaspadaan terhadap ancaman 
            serupa. Kerugian diperkirakan mencapai ratusan juta hingga miliaran rupiah.",cnnindonesia.com,2022-06-12,Penipuan Online,E-Commerce,Yogyakarta,negative,45,2025-12-24 12:38:01.495995
NEWS-000066,Kasus Malware di Bali Meningkat 197%,"Laporan terbaru menunjukkan adanya kasus Malware yang menargetkan 
            sektor UMKM di wilayah Bali. Menurut sumber dari 
            Kepolisian, insiden ini 
            terjadi pada 09 March 2024. Para ahli keamanan siber 
            menyarankan masyarakat untuk meningkatkan kewaspadaan terhadap ancaman 
            serupa. Kerugian diperkirakan mencapai ratusan juta hingga miliaran rupiah.",liputan6.com,2024-03-09,Malware,UMKM,Bali,negative,44,2025-12-24 12:38:01.496025
NEWS-000067,Kesehatan Indonesia Jadi Target Utama Ransomware,"Laporan terbaru menunjukkan adanya kasus Ransomware yang menargetkan 
            sektor Kesehatan di wilayah Bali. Menurut sumber dari 
            Kepolisian, insiden ini 
            terjadi pada 13 December 2020. Para ahli keamanan siber 
            menyarankan masyarakat untuk meningkatkan kewaspadaan terhadap ancaman 
            serupa. Kerugian diperkirakan mencapai ratusan juta hingga miliaran rupiah.",republika.co.id,2020-12-13,Ransomware,Kesehatan,Bali,negative,44,2025-12-24 12:38:01.496060
NEWS-000068,Tips Lindungi Data dari Social Engineering Menurut Pakar Keamanan,"Laporan terbaru menunjukkan adanya kasus Social Engineering yang menargetkan 
            sektor Pemerintahan di wilayah Bali. Menurut sumber dari 
            Kominfo, insiden ini 
            terjadi pada 16 March 2021. Para ahli keamanan siber 
            menyarankan masyarakat untuk meningkatkan kewaspadaan terhadap ancaman 
            serupa. Kerugian diperkirakan mencapai ratusan juta hingga miliaran rupiah.",liputan6.com,2021-03-16,Social Engineering,Pemerintahan,Bali,neutral,45,2025-12-24 12:38:01.496088
NEWS-000069,Waspada! Modus Baru Skimming Melalui Link Palsu,"Laporan terbaru menunjukkan adanya kasus Skimming yang menargetkan 
            sektor Perbankan di wilayah Medan. Menurut sumber dari 
            Kepolisian, insiden ini 
            terjadi pada 26 April 2024. Para ahli keamanan siber 
            menyarankan masyarakat untuk meningkatkan kewaspadaan terhadap ancaman 
            serupa. Kerugian diperkirakan mencapai ratusan juta hingga miliaran rupiah.",republika.co.id,2024-04-26,Skimming,Perbankan,Medan,negative,44,2025-12-24 12:38:01.496116
NEWS-000070,Startup Indonesia Jadi Target Utama Penipuan Online,"Laporan terbaru menunjukkan adanya kasus Penipuan Online yang menargetkan 
            sektor Startup di wilayah Bali. Menurut sumber dari 
            BSSN, insiden ini 
            terjadi pada 13 June 2023. Para ahli keamanan siber 
            menyarankan masyarakat untuk meningkatkan kewaspadaan terhadap ancaman 
            serupa. Kerugian diperkirakan mencapai ratusan juta hingga miliaran rupiah.",republika.co.id,2023-06-13,Penipuan Online,Startup,Bali,neutral,45,2025-12-24 12:38:01.496147
NEWS-000071,Waspada! Modus Baru Social Engineering Melalui Media Sosial,"Laporan terbaru menunjukkan adanya kasus Social Engineering yang menargetkan 
            sektor Startup di wilayah Medan. Menurut sumber dari 
            Kepolisian, insiden ini 
            terjadi pada 18 January 2022. Para ahli keamanan siber 
            menyarankan masyarakat untuk meningkatkan kewaspadaan terhadap ancaman 
            serupa. Kerugian diperkirakan mencapai ratusan juta hingga miliaran rupiah.",tempo.co,2022-01-18,Social Engineering,Startup,Medan,negative,45,2025-12-24 12:38:01.496182
NEWS-000072,Tips Lindungi Data dari Malware Menurut Pakar Keamanan,"Laporan terbaru menunjukkan adanya kasus Malware yang menargetkan 
            sektor Kesehatan di wilayah Bandung. Menurut sumber dari 
            Kominfo, insiden ini 
            terjadi pada 23 March 2022. Para ahli keamanan siber 
            menyarankan masyarakat untuk meningkatkan kewaspadaan terhadap ancaman 
            serupa. Kerugian diperkirakan mencapai ratusan juta hingga miliaran rupiah.",detik.com,2022-03-23,Malware,Kesehatan,Bandung,neutral,44,2025-12-24 12:38:01.496212
NEWS-000073,Kerugian Akibat Kebocoran Data Capai Rp 142 Miliar,"Laporan terbaru menunjukkan adanya kasus Kebocoran Data yang menargetkan 
            sektor Fintech di wilayah Bali. Menurut sumber dari 
            Kominfo, insiden ini 
            terjadi pada 08 July 2022. Para ahli keamanan siber 
            menyarankan masyarakat untuk meningkatkan kewaspadaan terhadap ancaman 
            serupa. Kerugian diperkirakan mencapai ratusan juta hingga miliaran rupiah.",tribunnews.com,2022-07-08,Kebocoran Data,Fintech,Bali,negative,45,2025-12-24 12:38:01.496243
NEWS-000074,Waspada! Modus Baru Phishing Melalui WhatsApp,"Laporan terbaru menunjukkan adanya kasus Phishing yang menargetkan 
            sektor UMKM di wilayah Jawa Timur. Menurut sumber dari 
            Kominfo, insiden ini 
            terjadi pada 10 April 2023. Para ahli keamanan siber 
            menyarankan masyarakat untuk meningkatkan kewaspadaan terhadap ancaman 
            serupa. Kerugian diperkirakan mencapai ratusan juta hingga miliaran rupiah.",cnnindonesia.com,2023-04-10,Phishing,UMKM,Jawa Timur,neutral,45,2025-12-24 12:38:01.496274
NEWS-000075,Tips Lindungi Data dari Ransomware Menurut Pakar Keamanan,"Laporan terbaru menunjukkan adanya kasus Ransomware yang menargetkan 
            sektor Perbankan di wilayah Makassar. Menurut sumber dari 
            Kominfo, insiden ini 
            terjadi pada 09 November 2020. Para ahli keamanan siber 
            menyarankan masyarakat untuk meningkatkan kewaspadaan terhadap ancaman 
            serupa. Kerugian diperkirakan mencapai ratusan juta hingga miliaran rupiah.",cnnindonesia.com,2020-11-09,Ransomware,Perbankan,Makassar,positive,44,2025-12-24 12:38:01.496301
NEWS-000076,Waspada! Modus Baru Penipuan Online Melalui QR Code,"Laporan terbaru menunjukkan adanya kasus Penipuan Online yang menargetkan 
            sektor E-Commerce di wilayah Jawa Barat. Menurut sumber dari 
            Kepolisian, insiden ini 
            terjadi pada 28 June 2023. Para ahli keamanan siber 
            menyarankan masyarakat untuk meningkatkan kewaspadaan terhadap ancaman 
            serupa. Kerugian diperkirakan mencapai ratusan juta hingga miliaran rupiah.",kompas.com,2023-06-28,Penipuan Online,E-Commerce,Jawa Barat,negative,46,2025-12-24 12:38:01.496330
NEWS-000077,E-Commerce Kehilangan Data Jutaan Pengguna Akibat Malware,"Laporan terbaru menunjukkan adanya kasus Malware yang menargetkan 
            sektor E-Commerce di wilayah Surabaya. Menurut sumber dari 
            Kepolisian, insiden ini 
            terjadi pada 16 May 2024. Para ahli keamanan siber 
            menyarankan masyarakat untuk meningkatkan kewaspadaan terhadap ancaman 
            serupa. Kerugian diperkirakan mencapai ratusan juta hingga miliaran rupiah.",tribunnews.com,2024-05-16,Malware,E-Commerce,Surabaya,neutral,44,2025-12-24 12:38:01.496361
NEWS-000078,Kominfo Blokir 322 Situs Terkait Penipuan Online,"Laporan terbaru menunjukkan adanya kasus Penipuan Online yang menargetkan 
            sektor Startup di wilayah Bandung. Menurut sumber dari 
            Kepolisian, insiden ini 
            terjadi pada 19 July 2022. Para ahli keamanan siber 
            menyarankan masyarakat untuk meningkatkan kewaspadaan terhadap ancaman 
            serupa. Kerugian diperkirakan mencapai ratusan juta hingga miliaran rupiah.",kompas.com,2022-07-19,Penipuan Online,Startup,Bandung,neutral,45,2025-12-24 12:38:01.496390
NEWS-000079,BSSN Ungkap Lonjakan Kasus Kebocoran Data Sepanjang 2020,"Laporan terbaru menunjukkan adanya kasus Kebocoran Data yang menargetkan 
            sektor Fintech di wilayah Bandung. Menurut sumber dari 
            BSSN, insiden ini 
            terjadi pada 18 September 2020. Para ahli keamanan siber 
            menyarankan masyarakat untuk meningkatkan kewaspadaan terhadap ancaman 
            serupa. Kerugian diperkirakan mencapai ratusan juta hingga miliaran rupiah.",detik.com,2020-09-18,Kebocoran Data,Fintech,Bandung,negative,45,2025-12-24 12:38:01.496432
NEWS-000080,Kominfo Blokir 305 Situs Terkait Penipuan Online,"Laporan terbaru menunjukkan adanya kasus Penipuan Online yang menargetkan 
            sektor Startup di wilayah Bandung. Menurut sumber dari 
            Kominfo, insiden ini 
            terjadi pada 12 July 2020. Para ahli keamanan siber 
            menyarankan masyarakat untuk meningkatkan kewaspadaan terhadap ancaman 
            serupa. Kerugian diperkirakan mencapai ratusan juta hingga miliaran rupiah.",merdeka.com,2020-07-12,Penipuan Online,Startup,Bandung,negative,45,2025-12-24 12:38:01.496463
NEWS-000081,Fintech Indonesia Jadi Target Utama Malware,"Laporan terbaru menunjukkan adanya kasus Malware yang menargetkan 
            sektor Fintech di wilayah Yogyakarta. Menurut sumber dari 
            Kominfo, insiden ini 
            terjadi pada 24 July 2022. Para ahli keamanan siber 
            menyarankan masyarakat untuk meningkatkan kewaspadaan terhadap ancaman 
            serupa. Kerugian diperkirakan mencapai ratusan juta hingga miliaran rupiah.",cnnindonesia.com,2022-07-24,Malware,Fintech,Yogyakarta,negative,44,2025-12-24 12:38:01.496495
NEWS-000082,Kerugian Akibat Malware Capai Rp 64 Miliar,"Laporan terbaru menunjukkan adanya kasus Malware yang menargetkan 
            sektor Kesehatan di wilayah Bali. Menurut sumber dari 
            Kepolisian, insiden ini 
            terjadi pada 06 April 2023. Para ahli keamanan siber 
            menyarankan masyarakat untuk meningkatkan kewaspadaan terhadap ancaman 
            serupa. Kerugian diperkirakan mencapai ratusan juta hingga miliaran rupiah.",republika.co.id,2023-04-06,Malware,Kesehatan,Bali,neutral,44,2025-12-24 12:38:01.496525
NEWS-000083,Kasus Skimming di Bali Meningkat 120%,"Laporan terbaru menunjukkan adanya kasus Skimming yang menargetkan 
            sektor Startup di wilayah Bali. Menurut sumber dari 
            Kepolisian, insiden ini 
            terjadi pada 14 March 2021. Para ahli keamanan siber 
            menyarankan masyarakat untuk meningkatkan kewaspadaan terhadap ancaman 
            serupa. Kerugian diperkirakan mencapai ratusan juta hingga miliaran rupiah.",tempo.co,2021-03-14,Skimming,Startup,Bali,neutral,44,2025-12-24 12:38:01.496554
NEWS-000084,Serangan Ransomware Menargetkan Fintech di Makassar,"Laporan terbaru menunjukkan adanya kasus Ransomware yang menargetkan 
            sektor Fintech di wilayah Makassar. Menurut sumber dari 
            Kominfo, insiden ini 
            terjadi pada 16 September 2021. Para ahli keamanan siber 
            menyarankan masyarakat untuk meningkatkan kewaspadaan terhadap ancaman 
            serupa. Kerugian diperkirakan mencapai ratusan juta hingga miliaran rupiah.",kompas.com,2021-09-16,Ransomware,Fintech,Makassar,neutral,44,2025-12-24 12:38:01.496586
NEWS-000085,Kerugian Akibat Penipuan Online Capai Rp 470 Miliar,"Laporan terbaru menunjukkan adanya kasus Penipuan Online yang menargetkan 
            sektor UMKM di wilayah Bali. Menurut sumber dari 
            Kominfo, insiden ini 
            terjadi pada 24 February 2023. Para ahli keamanan siber 
            menyarankan masyarakat untuk meningkatkan kewaspadaan terhadap ancaman 
            serupa. Kerugian diperkirakan mencapai ratusan juta hingga miliaran rupiah.",merdeka.com,2023-02-24,Penipuan Online,UMKM,Bali,positive,45,2025-12-24 12:38:01.496615
NEWS-000086,Tips Lindungi Data dari Social Engineering Menurut Pakar Keamanan,"Laporan terbaru menunjukkan adanya kasus Social Engineering yang menargetkan 
            sektor Telekomunikasi di wilayah Semarang. Menurut sumber dari 
            Kominfo, insiden ini 
            terjadi pada 12 January 2023. Para ahli keamanan siber 
            menyarankan masyarakat untuk meningkatkan kewaspadaan terhadap ancaman 
            serupa. Kerugian diperkirakan mencapai ratusan juta hingga miliaran rupiah.",republika.co.id,2023-01-12,Social Engineering,Telekomunikasi,Semarang,neutral,45,2025-12-24 12:38:01.496643
NEWS-000087,Waspada! Modus Baru Hacking Melalui Email,"Laporan terbaru menunjukkan adanya kasus Hacking yang menargetkan 
            sektor UMKM di wilayah Jakarta. Menurut sumber dari 
            Kominfo, insiden ini 
            terjadi pada 08 October 2022. Para ahli keamanan siber 
            menyarankan masyarakat untuk meningkatkan kewaspadaan terhadap ancaman 
            serupa. Kerugian diperkirakan mencapai ratusan juta hingga miliaran rupiah.",detik.com,2022-10-08,Hacking,UMKM,Jakarta,positive,44,2025-12-24 12:38:01.496671
NEWS-000088,Kominfo Blokir 65 Situs Terkait Skimming,"Laporan terbaru menunjukkan adanya kasus Skimming yang menargetkan 
            sektor Perbankan di wilayah Medan. Menurut sumber dari 
            Kepolisian, insiden ini 
            terjadi pada 25 January 2024. Para ahli keamanan siber 
            menyarankan masyarakat untuk meningkatkan kewaspadaan terhadap ancaman 
            serupa. Kerugian diperkirakan mencapai ratusan juta hingga miliaran rupiah.",tempo.co,2024-01-25,Skimming,Perbankan,Medan,neutral,44,2025-12-24 12:38:01.496699
NEWS-000089,Tips Lindungi Data dari Penipuan Online Menurut Pakar Keamanan,"Laporan terbaru menunjukkan adanya kasus Penipuan Online yang menargetkan 
            sektor Perbankan di wilayah Surabaya. Menurut sumber dari 
            Kominfo, insiden ini 
            terjadi pada 20 May 2022. Para ahli keamanan siber 
            menyarankan masyarakat untuk meningkatkan kewaspadaan terhadap ancaman 
            serupa. Kerugian diperkirakan mencapai ratusan juta hingga miliaran rupiah.",merdeka.com,2022-05-20,Penipuan Online,Perbankan,Surabaya,negative,45,2025-12-24 12:38:01.496730
NEWS-000090,Pemerintahan Kehilangan Data Jutaan Pengguna Akibat Kebocoran Data,"Laporan terbaru menunjukkan adanya kasus Kebocoran Data yang menargetkan 
            sektor Pemerintahan di wilayah Bandung. Menurut sumber dari 
            BSSN, insiden ini 
            terjadi pada 22 June 2022. Para ahli keamanan siber 
            menyarankan masyarakat untuk meningkatkan kewaspadaan terhadap ancaman 
            serupa. Kerugian diperkirakan mencapai ratusan juta hingga miliaran rupiah.",tribunnews.com,2022-06-22,Kebocoran Data,Pemerintahan,Bandung,positive,45,2025-12-24 12:38:01.496759
NEWS-000091,BSSN Ungkap Lonjakan Kasus Penipuan Online Sepanjang 2021,"Laporan terbaru menunjukkan adanya kasus Penipuan Online yang menargetkan 
            sektor E-Commerce di wilayah Jawa Timur. Menurut sumber dari 
            Kominfo, insiden ini 
            terjadi pada 26 November 2021. Para ahli keamanan siber 
            menyarankan masyarakat untuk meningkatkan kewaspadaan terhadap ancaman 
            serupa. Kerugian diperkirakan mencapai ratusan juta hingga miliaran rupiah.",republika.co.id,2021-11-26,Penipuan Online,E-Commerce,Jawa Timur,neutral,46,2025-12-24 12:38:01.496792
NEWS-000092,Tips Lindungi Data dari Kebocoran Data Menurut Pakar Keamanan,"Laporan terbaru menunjukkan adanya kasus Kebocoran Data yang menargetkan 
            sektor Startup di wilayah Medan. Menurut sumber dari 
            Kepolisian, insiden ini 
            terjadi pada 23 May 2022. Para ahli keamanan siber 
            menyarankan masyarakat untuk meningkatkan kewaspadaan terhadap ancaman 
            serupa. Kerugian diperkirakan mencapai ratusan juta hingga miliaran rupiah.",cnnindonesia.com,2022-05-23,Kebocoran Data,Startup,Medan,neutral,45,2025-12-24 12:38:01.496820
NEWS-000093,Waspada! Modus Baru Hacking Melalui WhatsApp,"Laporan terbaru menunjukkan adanya kasus Hacking yang menargetkan 
            sektor Pendidikan di wilayah Medan. Menurut sumber dari 
            Kominfo, insiden ini 
            terjadi pada 10 August 2022. Para ahli keamanan siber 
            menyarankan masyarakat untuk meningkatkan kewaspadaan terhadap ancaman 
            serupa. Kerugian diperkirakan mencapai ratusan juta hingga miliaran rupiah.",merdeka.com,2022-08-10,Hacking,Pendidikan,Medan,neutral,44,2025-12-24 12:38:01.496848
NEWS-000094,Tips Lindungi Data dari Skimming Menurut Pakar Keamanan,"Laporan terbaru menunjukkan adanya kasus Skimming yang menargetkan 
            sektor Startup di wilayah Semarang. Menurut sumber dari 
            BSSN, insiden ini 
            terjadi pada 11 October 2023. Para ahli keamanan siber 
            menyarankan masyarakat untuk meningkatkan kewaspadaan terhadap ancaman 
            serupa. Kerugian diperkirakan mencapai ratusan juta hingga miliaran rupiah.",tribunnews.com,2023-10-11,Skimming,Startup,Semarang,negative,44,2025-12-24 12:38:01.496877
NEWS-000095,Perbankan Indonesia Jadi Target Utama Hacking,"Laporan terbaru menunjukkan adanya kasus Hacking yang menargetkan 
            sektor Perbankan di wilayah Semarang. Menurut sumber dari 
            Kominfo, insiden ini 
            terjadi pada 19 May 2023. Para ahli keamanan siber 
            menyarankan masyarakat untuk meningkatkan kewaspadaan terhadap ancaman 
            serupa. Kerugian diperkirakan mencapai ratusan juta hingga miliaran rupiah.",cnnindonesia.com,2023-05-19,Hacking,Perbankan,Semarang,negative,44,2025-12-24 12:38:01.496905
NEWS-000096,Serangan DDoS Menargetkan UMKM di Makassar,"Laporan terbaru menunjukkan adanya kasus DDoS yang menargetkan 
            sektor UMKM di wilayah Makassar. Menurut sumber dari 
            BSSN, insiden ini 
            terjadi pada 31 July 2023. Para ahli keamanan siber 
            menyarankan masyarakat untuk meningkatkan kewaspadaan terhadap ancaman 
            serupa. Kerugian diperkirakan mencapai ratusan juta hingga miliaran rupiah.",merdeka.com,2023-07-31,DDoS,UMKM,Makassar,negative,44,2025-12-24 12:38:01.496933
NEWS-000097,Kerugian Akibat Hacking Capai Rp 241 Miliar,"Laporan terbaru menunjukkan adanya kasus Hacking yang menargetkan 
            sektor Pemerintahan di wilayah Jawa Barat. Menurut sumber dari 
            Kepolisian, insiden ini 
            terjadi pada 19 February 2021. Para ahli keamanan siber 
            menyarankan masyarakat untuk meningkatkan kewaspadaan terhadap ancaman 
            serupa. Kerugian diperkirakan mencapai ratusan juta hingga miliaran rupiah.",republika.co.id,2021-02-19,Hacking,Pemerintahan,Jawa Barat,neutral,45,2025-12-24 12:38:01.496962
NEWS-000098,Polri Tangkap Pelaku Skimming yang Rugikan Korban Rp 321 Juta,"Laporan terbaru menunjukkan adanya kasus Skimming yang menargetkan 
            sektor Telekomunikasi di wilayah Semarang. Menurut sumber dari 
            BSSN, insiden ini 
            terjadi pada 08 May 2022. Para ahli keamanan siber 
            menyarankan masyarakat untuk meningkatkan kewaspadaan terhadap ancaman 
            serupa. Kerugian diperkirakan mencapai ratusan juta hingga miliaran rupiah.",detik.com,2022-05-08,Skimming,Telekomunikasi,Semarang,negative,44,2025-12-24 12:38:01.496991
NEWS-000099,Waspada! Modus Baru Kebocoran Data Melalui Email,"Laporan terbaru menunjukkan adanya kasus Kebocoran Data yang menargetkan 
            sektor E-Commerce di wilayah Yogyakarta. Menurut sumber dari 
            Kepolisian, insiden ini 
            terjadi pada 31 January 2022. Para ahli keamanan siber 
            menyarankan masyarakat untuk meningkatkan kewaspadaan terhadap ancaman 
            serupa. Kerugian diperkirakan mencapai ratusan juta hingga miliaran rupiah.",liputan6.com,2022-01-31,Kebocoran Data,E-Commerce,Yogyakarta,neutral,45,2025-12-24 12:38:01.497020
NEWS-000100,Serangan Social Engineering Menargetkan Perbankan di Bandung,"Laporan terbaru menunjukkan adanya kasus Social Engineering yang menargetkan 
            sektor Perbankan di wilayah Bandung. Menurut sumber dari 
            BSSN, insiden ini 
            terjadi pada 01 January 2023. Para ahli keamanan siber 
            menyarankan masyarakat untuk meningkatkan kewaspadaan terhadap ancaman 
            serupa. Kerugian diperkirakan mencapai ratusan juta hingga miliaran rupiah.",republika.co.id,2023-01-01,Social Engineering,Perbankan,Bandung,negative,45,2025-12-24 12:38:01.497049
NEWS-000101,Kerugian Akibat DDoS Capai Rp 313 Miliar,"Laporan terbaru menunjukkan adanya kasus DDoS yang menargetkan 
            sektor Pemerintahan di wilayah Jawa Barat. Menurut sumber dari 
            BSSN, insiden ini 
            terjadi pada 18 July 2024. Para ahli keamanan siber 
            menyarankan masyarakat untuk meningkatkan kewaspadaan terhadap ancaman 
            serupa. Kerugian diperkirakan mencapai ratusan juta hingga miliaran rupiah.",merdeka.com,2024-07-18,DDoS,Pemerintahan,Jawa Barat,neutral,45,2025-12-24 12:38:01.497080
NEWS-000102,Kerugian Akibat Kebocoran Data Capai Rp 236 Miliar,"Laporan terbaru menunjukkan adanya kasus Kebocoran Data yang menargetkan 
            sektor Startup di wilayah Bandung. Menurut sumber dari 
            Kominfo, insiden ini 
            terjadi pada 12 March 2022. Para ahli keamanan siber 
            menyarankan masyarakat untuk meningkatkan kewaspadaan terhadap ancaman 
            serupa. Kerugian diperkirakan mencapai ratusan juta hingga miliaran rupiah.",liputan6.com,2022-03-12,Kebocoran Data,Startup,Bandung,neutral,45,2025-12-24 12:38:01.497107
NEWS-000103,Kerugian Akibat Ransomware Capai Rp 301 Miliar,"Laporan terbaru menunjukkan adanya kasus Ransomware yang menargetkan 
            sektor Startup di wilayah Semarang. Menurut sumber dari 
            Kepolisian, insiden ini 
            terjadi pada 12 November 2021. Para ahli keamanan siber 
            menyarankan masyarakat untuk meningkatkan kewaspadaan terhadap ancaman 
            serupa. Kerugian diperkirakan mencapai ratusan juta hingga miliaran rupiah.",liputan6.com,2021-11-12,Ransomware,Startup,Semarang,negative,44,2025-12-24 12:38:01.497138
NEWS-000104,Waspada! Modus Baru Kebocoran Data Melalui Link Palsu,"Laporan terbaru menunjukkan adanya kasus Kebocoran Data yang menargetkan 
            sektor Telekomunikasi di wilayah Bali. Menurut sumber dari 
            Kominfo, insiden ini 
            terjadi pada 22 October 2022. Para ahli keamanan siber 
            menyarankan masyarakat untuk meningkatkan kewaspadaan terhadap ancaman 
            serupa. Kerugian diperkirakan mencapai ratusan juta hingga miliaran rupiah.",liputan6.com,2022-10-22,Kebocoran Data,Telekomunikasi,Bali,positive,45,2025-12-24 12:38:01.497172
NEWS-000105,Waspada! Modus Baru Phishing Melalui WhatsApp,"Laporan terbaru menunjukkan adanya kasus Phishing yang menargetkan 
            sektor Telekomunikasi di wilayah Bandung. Menurut sumber dari 
            Kepolisian, insiden ini 
            terjadi pada 19 April 2022. Para ahli keamanan siber 
            menyarankan masyarakat untuk meningkatkan kewaspadaan terhadap ancaman 
            serupa. Kerugian diperkirakan mencapai ratusan juta hingga miliaran rupiah.",merdeka.com,2022-04-19,Phishing,Telekomunikasi,Bandung,neutral,44,2025-12-24 12:38:01.497201
NEWS-000106,Waspada! Modus Baru Kebocoran Data Melalui Link Palsu,"Laporan terbaru menunjukkan adanya kasus Kebocoran Data yang menargetkan 
            sektor Pendidikan di wilayah Surabaya. Menurut sumber dari 
            Kepolisian, insiden ini 
            terjadi pada 05 March 2022. Para ahli keamanan siber 
            menyarankan masyarakat untuk meningkatkan kewaspadaan terhadap ancaman 
            serupa. Kerugian diperkirakan mencapai ratusan juta hingga miliaran rupiah.",cnnindonesia.com,2022-03-05,Kebocoran Data,Pendidikan,Surabaya,neutral,45,2025-12-24 12:38:01.497233
NEWS-000107,Serangan Malware Menargetkan Startup di Jakarta,"Laporan terbaru menunjukkan adanya kasus Malware yang menargetkan 
            sektor Startup di wilayah Jakarta. Menurut sumber dari 
            BSSN, insiden ini 
            terjadi pada 20 January 2023. Para ahli keamanan siber 
            menyarankan masyarakat untuk meningkatkan kewaspadaan terhadap ancaman 
            serupa. Kerugian diperkirakan mencapai ratusan juta hingga miliaran rupiah.",liputan6.com,2023-01-20,Malware,Startup,Jakarta,negative,44,2025-12-24 12:38:01.497263
NEWS-000108,Kominfo Blokir 553 Situs Terkait DDoS,"Laporan terbaru menunjukkan adanya kasus DDoS yang menargetkan 
            sektor Fintech di wilayah Jawa Timur. Menurut sumber dari 
            Kominfo, insiden ini 
            terjadi pada 04 December 2022. Para ahli keamanan siber 
            menyarankan masyarakat untuk meningkatkan kewaspadaan terhadap ancaman 
            serupa. Kerugian diperkirakan mencapai ratusan juta hingga miliaran rupiah.",cnnindonesia.com,2022-12-04,DDoS,Fintech,Jawa Timur,negative,45,2025-12-24 12:38:01.497293
NEWS-000109,Tips Lindungi Data dari Malware Menurut Pakar Keamanan,"Laporan terbaru menunjukkan adanya kasus Malware yang menargetkan 
            sektor Pendidikan di wilayah Jawa Barat. Menurut sumber dari 
            Kepolisian, insiden ini 
            terjadi pada 16 July 2021. Para ahli keamanan siber 
            menyarankan masyarakat untuk meningkatkan kewaspadaan terhadap ancaman 
            serupa. Kerugian diperkirakan mencapai ratusan juta hingga miliaran rupiah.",republika.co.id,2021-07-16,Malware,Pendidikan,Jawa Barat,positive,45,2025-12-24 12:38:01.497323
NEWS-000110,Kasus Social Engineering di Yogyakarta Meningkat 41%,"Laporan terbaru menunjukkan adanya kasus Social Engineering yang menargetkan 
            sektor E-Commerce di wilayah Yogyakarta. Menurut sumber dari 
            Kominfo, insiden ini 
            terjadi pada 04 September 2020. Para ahli keamanan siber 
            menyarankan masyarakat untuk meningkatkan kewaspadaan terhadap ancaman 
            serupa. Kerugian diperkirakan mencapai ratusan juta hingga miliaran rupiah.",tempo.co,2020-09-04,Social Engineering,E-Commerce,Yogyakarta,neutral,45,2025-12-24 12:38:01.497354
NEWS-000111,Waspada! Modus Baru Hacking Melalui Link Palsu,"Laporan terbaru menunjukkan adanya kasus Hacking yang menargetkan 
            sektor Pendidikan di wilayah Jawa Barat. Menurut sumber dari 
            Kepolisian, insiden ini 
            terjadi pada 22 September 2024. Para ahli keamanan siber 
            menyarankan masyarakat untuk meningkatkan kewaspadaan terhadap ancaman 
            serupa. Kerugian diperkirakan mencapai ratusan juta hingga miliaran rupiah.",tempo.co,2024-09-22,Hacking,Pendidikan,Jawa Barat,neutral,45,2025-12-24 12:38:01.497386
NEWS-000112,Startup Indonesia Jadi Target Utama Ransomware,"Laporan terbaru menunjukkan adanya kasus Ransomware yang menargetkan 
            sektor Startup di wilayah Bandung. Menurut sumber dari 
            BSSN, insiden ini 
            terjadi pada 10 January 2022. Para ahli keamanan siber 
            menyarankan masyarakat untuk meningkatkan kewaspadaan terhadap ancaman 
            serupa. Kerugian diperkirakan mencapai ratusan juta hingga miliaran rupiah.",kompas.com,2022-01-10,Ransomware,Startup,Bandung,negative,44,2025-12-24 12:38:01.497431
NEWS-000113,Tips Lindungi Data dari Ransomware Menurut Pakar Keamanan,"Laporan terbaru menunjukkan adanya kasus Ransomware yang menargetkan 
            sektor E-Commerce di wilayah Surabaya. Menurut sumber dari 
            Kominfo, insiden ini 
            terjadi pada 16 August 2024. Para ahli keamanan siber 
            menyarankan masyarakat untuk meningkatkan kewaspadaan terhadap ancaman 
            serupa. Kerugian diperkirakan mencapai ratusan juta hingga miliaran rupiah.",republika.co.id,2024-08-16,Ransomware,E-Commerce,Surabaya,negative,44,2025-12-24 12:38:01.497462
NEWS-000114,Kerugian Akibat Hacking Capai Rp 316 Miliar,"Laporan terbaru menunjukkan adanya kasus Hacking yang menargetkan 
            sektor E-Commerce di wilayah Bali. Menurut sumber dari 
            BSSN, insiden ini 
            terjadi pada 15 July 2024. Para ahli keamanan siber 
            menyarankan masyarakat untuk meningkatkan kewaspadaan terhadap ancaman 
            serupa. Kerugian diperkirakan mencapai ratusan juta hingga miliaran rupiah.",tempo.co,2024-07-15,Hacking,E-Commerce,Bali,negative,44,2025-12-24 12:38:01.497493
NEWS-000115,Tips Lindungi Data dari Kebocoran Data Menurut Pakar Keamanan,"Laporan terbaru menunjukkan adanya kasus Kebocoran Data yang menargetkan 
            sektor Pendidikan di wilayah Jawa Barat. Menurut sumber dari 
            Kominfo, insiden ini 
            terjadi pada 19 March 2023. Para ahli keamanan siber 
            menyarankan masyarakat untuk meningkatkan kewaspadaan terhadap ancaman 
            serupa. Kerugian diperkirakan mencapai ratusan juta hingga miliaran rupiah.",kompas.com,2023-03-19,Kebocoran Data,Pendidikan,Jawa Barat,negative,46,2025-12-24 12:38:01.497531
NEWS-000116,Startup Indonesia Jadi Target Utama Ransomware,"Laporan terbaru menunjukkan adanya kasus Ransomware yang menargetkan 
            sektor Startup di wilayah Jawa Barat. Menurut sumber dari 
            Kepolisian, insiden ini 
            terjadi pada 08 April 2021. Para ahli keamanan siber 
            menyarankan masyarakat untuk meningkatkan kewaspadaan terhadap ancaman 
            serupa. Kerugian diperkirakan mencapai ratusan juta hingga miliaran rupiah.",kompas.com,2021-04-08,Ransomware,Startup,Jawa Barat,negative,45,2025-12-24 12:38:01.497562
NEWS-000117,Polri Tangkap Pelaku Kebocoran Data yang Rugikan Korban Rp 106 Juta,"Laporan terbaru menunjukkan adanya kasus Kebocoran Data yang menargetkan 
            sektor Pemerintahan di wilayah Makassar. Menurut sumber dari 
            BSSN, insiden ini 
            terjadi pada 27 August 2021. Para ahli keamanan siber 
            menyarankan masyarakat untuk meningkatkan kewaspadaan terhadap ancaman 
            serupa. Kerugian diperkirakan mencapai ratusan juta hingga miliaran rupiah.",tribunnews.com,2021-08-27,Kebocoran Data,Pemerintahan,Makassar,neutral,45,2025-12-24 12:38:01.497593
NEWS-000118,Pemerintahan Indonesia Jadi Target Utama Social Engineering,"Laporan terbaru menunjukkan adanya kasus Social Engineering yang menargetkan 
            sektor Pemerintahan di wilayah Makassar. Menurut sumber dari 
            BSSN, insiden ini 
            terjadi pada 22 November 2022. Para ahli keamanan siber 
            menyarankan masyarakat untuk meningkatkan kewaspadaan terhadap ancaman 
            serupa. Kerugian diperkirakan mencapai ratusan juta hingga miliaran rupiah.",liputan6.com,2022-11-22,Social Engineering,Pemerintahan,Makassar,neutral,45,2025-12-24 12:38:01.497623
NEWS-000119,BSSN Ungkap Lonjakan Kasus Phishing Sepanjang 2021,"Laporan terbaru menunjukkan adanya kasus Phishing yang menargetkan 
            sektor Pemerintahan di wilayah Jakarta. Menurut sumber dari 
            BSSN, insiden ini 
            terjadi pada 02 November 2021. Para ahli keamanan siber 
            menyarankan masyarakat untuk meningkatkan kewaspadaan terhadap ancaman 
            serupa. Kerugian diperkirakan mencapai ratusan juta hingga miliaran rupiah.",cnnindonesia.com,2021-11-02,Phishing,Pemerintahan,Jakarta,negative,44,2025-12-24 12:38:01.497654
NEWS-000120,Kerugian Akibat Hacking Capai Rp 382 Miliar,"Laporan terbaru menunjukkan adanya kasus Hacking yang menargetkan 
            sektor UMKM di wilayah Jawa Barat. Menurut sumber dari 
            Kominfo, insiden ini 
            terjadi pada 04 July 2022. Para ahli keamanan siber 
            menyarankan masyarakat untuk meningkatkan kewaspadaan terhadap ancaman 
            serupa. Kerugian diperkirakan mencapai ratusan juta hingga miliaran rupiah.",detik.com,2022-07-04,Hacking,UMKM,Jawa Barat,negative,45,2025-12-24 12:38:01.497685
NEWS-000121,UMKM Indonesia Jadi Target Utama Phishing,"Laporan terbaru menunjukkan adanya kasus Phishing yang menargetkan 
            sektor UMKM di wilayah Bandung. Menurut sumber dari 
            Kominfo, insiden ini 
            terjadi pada 08 July 2020. Para ahli keamanan siber 
            menyarankan masyarakat untuk meningkatkan kewaspadaan terhadap ancaman 
            serupa. Kerugian diperkirakan mencapai ratusan juta hingga miliaran rupiah.",republika.co.id,2020-07-08,Phishing,UMKM,Bandung,neutral,44,2025-12-24 12:38:01.497722
NEWS-000122,Tips Lindungi Data dari Penipuan Online Menurut Pakar Keamanan,"Laporan terbaru menunjukkan adanya kasus Penipuan Online yang menargetkan 
            sektor E-Commerce di wilayah Jawa Barat. Menurut sumber dari 
            Kominfo, insiden ini 
            terjadi pada 24 November 2023. Para ahli keamanan siber 
            menyarankan masyarakat untuk meningkatkan kewaspadaan terhadap ancaman 
            serupa. Kerugian diperkirakan mencapai ratusan juta hingga miliaran rupiah.",tempo.co,2023-11-24,Penipuan Online,E-Commerce,Jawa Barat,negative,46,2025-12-24 12:38:01.497753
NEWS-000123,Kesehatan Kehilangan Data Jutaan Pengguna Akibat Skimming,"Laporan terbaru menunjukkan adanya kasus Skimming yang menargetkan 
            sektor Kesehatan di wilayah Bali. Menurut sumber dari 
            BSSN, insiden ini 
            terjadi pada 01 December 2022. Para ahli keamanan siber 
            menyarankan masyarakat untuk meningkatkan kewaspadaan terhadap ancaman 
            serupa. Kerugian diperkirakan mencapai ratusan juta hingga miliaran rupiah.",tribunnews.com,2022-12-01,Skimming,Kesehatan,Bali,negative,44,2025-12-24 12:38:01.497783
NEWS-000124,Pendidikan Indonesia Jadi Target Utama Hacking,"Laporan terbaru menunjukkan adanya kasus Hacking yang menargetkan 
            sektor Pendidikan di wilayah Bali. Menurut sumber dari 
            Kominfo, insiden ini 
            terjadi pada 15 March 2022. Para ahli keamanan siber 
            menyarankan masyarakat untuk meningkatkan kewaspadaan terhadap ancaman 
            serupa. Kerugian diperkirakan mencapai ratusan juta hingga miliaran rupiah.",republika.co.id,2022-03-15,Hacking,Pendidikan,Bali,negative,44,2025-12-24 12:38:01.497818
NEWS-000125,Waspada! Modus Baru Social Engineering Melalui Email,"Laporan terbaru menunjukkan adanya kasus Social Engineering yang menargetkan 
            sektor Pemerintahan di wilayah Bali. Menurut sumber dari 
            BSSN, insiden ini 
            terjadi pada 03 November 2024. Para ahli keamanan siber 
            menyarankan masyarakat untuk meningkatkan kewaspadaan terhadap ancaman 
            serupa. Kerugian diperkirakan mencapai ratusan juta hingga miliaran rupiah.",republika.co.id,2024-11-03,Social Engineering,Pemerintahan,Bali,negative,45,2025-12-24 12:38:01.497848
NEWS-000126,Polri Tangkap Pelaku DDoS yang Rugikan Korban Rp 301 Juta,"Laporan terbaru menunjukkan adanya kasus DDoS yang menargetkan 
            sektor UMKM di wilayah Jakarta. Menurut sumber dari 
            Kominfo, insiden ini 
            terjadi pada 07 December 2021. Para ahli keamanan siber 
            menyarankan masyarakat untuk meningkatkan kewaspadaan terhadap ancaman 
            serupa. Kerugian diperkirakan mencapai ratusan juta hingga miliaran rupiah.",tempo.co,2021-12-07,DDoS,UMKM,Jakarta,neutral,44,2025-12-24 12:38:01.497880
NEWS-000127,Kominfo Blokir 116 Situs Terkait Phishing,"Laporan terbaru menunjukkan adanya kasus Phishing yang menargetkan 
            sektor Kesehatan di wilayah Makassar. Menurut sumber dari 
            Kepolisian, insiden ini 
            terjadi pada 11 October 2024. Para ahli keamanan siber 
            menyarankan masyarakat untuk meningkatkan kewaspadaan terhadap ancaman 
            serupa. Kerugian diperkirakan mencapai ratusan juta hingga miliaran rupiah.",tribunnews.com,2024-10-11,Phishing,Kesehatan,Makassar,negative,44,2025-12-24 12:38:01.497910
NEWS-000128,Tips Lindungi Data dari Kebocoran Data Menurut Pakar Keamanan,"Laporan terbaru menunjukkan adanya kasus Kebocoran Data yang menargetkan 
            sektor E-Commerce di wilayah Semarang. Menurut sumber dari 
            Kepolisian, insiden ini 
            terjadi pada 16 January 2021. Para ahli keamanan siber 
            menyarankan masyarakat untuk meningkatkan kewaspadaan terhadap ancaman 
            serupa. Kerugian diperkirakan mencapai ratusan juta hingga miliaran rupiah.",tribunnews.com,2021-01-16,Kebocoran Data,E-Commerce,Semarang,neutral,45,2025-12-24 12:38:01.497944
NEWS-000129,Kasus Skimming di Makassar Meningkat 56%,"Laporan terbaru menunjukkan adanya kasus Skimming yang menargetkan 
            sektor Perbankan di wilayah Makassar. Menurut sumber dari 
            Kominfo, insiden ini 
            terjadi pada 05 September 2020. Para ahli keamanan siber 
            menyarankan masyarakat untuk meningkatkan kewaspadaan terhadap ancaman 
            serupa. Kerugian diperkirakan mencapai ratusan juta hingga miliaran rupiah.",liputan6.com,2020-09-05,Skimming,Perbankan,Makassar,neutral,44,2025-12-24 12:38:01.497976
NEWS-000130,Polri Tangkap Pelaku Phishing yang Rugikan Korban Rp 290 Juta,"Laporan terbaru menunjukkan adanya kasus Phishing yang menargetkan 
            sektor Pemerintahan di wilayah Jawa Timur. Menurut sumber dari 
            Kepolisian, insiden ini 
            terjadi pada 13 March 2024. Para ahli keamanan siber 
            menyarankan masyarakat untuk meningkatkan kewaspadaan terhadap ancaman 
            serupa. Kerugian diperkirakan mencapai ratusan juta hingga miliaran rupiah.",kompas.com,2024-03-13,Phishing,Pemerintahan,Jawa Timur,negative,45,2025-12-24 12:38:01.498007
NEWS-000131,Kasus Kebocoran Data di Yogyakarta Meningkat 104%,"Laporan terbaru menunjukkan adanya kasus Kebocoran Data yang menargetkan 
            sektor Telekomunikasi di wilayah Yogyakarta. Menurut sumber dari 
            Kominfo, insiden ini 
            terjadi pada 04 December 2021. Para ahli keamanan siber 
            menyarankan masyarakat untuk meningkatkan kewaspadaan terhadap ancaman 
            serupa. Kerugian diperkirakan mencapai ratusan juta hingga miliaran rupiah.",tempo.co,2021-12-04,Kebocoran Data,Telekomunikasi,Yogyakarta,neutral,45,2025-12-24 12:38:01.498041
NEWS-000132,Perbankan Kehilangan Data Jutaan Pengguna Akibat Ransomware,"Laporan terbaru menunjukkan adanya kasus Ransomware yang menargetkan 
            sektor Perbankan di wilayah Jawa Timur. Menurut sumber dari 
            Kominfo, insiden ini 
            terjadi pada 27 May 2023. Para ahli keamanan siber 
            menyarankan masyarakat untuk meningkatkan kewaspadaan terhadap ancaman 
            serupa. Kerugian diperkirakan mencapai ratusan juta hingga miliaran rupiah.",merdeka.com,2023-05-27,Ransomware,Perbankan,Jawa Timur,neutral,45,2025-12-24 12:38:01.498070
NEWS-000133,Tips Lindungi Data dari Penipuan Online Menurut Pakar Keamanan,"Laporan terbaru menunjukkan adanya kasus Penipuan Online yang menargetkan 
            sektor Telekomunikasi di wilayah Bandung. Menurut sumber dari 
            BSSN, insiden ini 
            terjadi pada 12 January 2024. Para ahli keamanan siber 
            menyarankan masyarakat untuk meningkatkan kewaspadaan terhadap ancaman 
            serupa. Kerugian diperkirakan mencapai ratusan juta hingga miliaran rupiah.",liputan6.com,2024-01-12,Penipuan Online,Telekomunikasi,Bandung,neutral,45,2025-12-24 12:38:01.498099
NEWS-000134,UMKM Kehilangan Data Jutaan Pengguna Akibat Penipuan Online,"Laporan terbaru menunjukkan adanya kasus Penipuan Online yang menargetkan 
            sektor UMKM di wilayah Bandung. Menurut sumber dari 
            BSSN, insiden ini 
            terjadi pada 16 February 2024. Para ahli keamanan siber 
            menyarankan masyarakat untuk meningkatkan kewaspadaan terhadap ancaman 
            serupa. Kerugian diperkirakan mencapai ratusan juta hingga miliaran rupiah.",kompas.com,2024-02-16,Penipuan Online,UMKM,Bandung,negative,45,2025-12-24 12:38:01.498130
NEWS-000135,Kesehatan Indonesia Jadi Target Utama DDoS,"Laporan terbaru menunjukkan adanya kasus DDoS yang menargetkan 
            sektor Kesehatan di wilayah Bandung. Menurut sumber dari 
            Kepolisian, insiden ini 
            terjadi pada 19 December 2021. Para ahli keamanan siber 
            menyarankan masyarakat untuk meningkatkan kewaspadaan terhadap ancaman 
            serupa. Kerugian diperkirakan mencapai ratusan juta hingga miliaran rupiah.",republika.co.id,2021-12-19,DDoS,Kesehatan,Bandung,negative,44,2025-12-24 12:38:01.498161
NEWS-000136,Kominfo Blokir 83 Situs Terkait Skimming,"Laporan terbaru menunjukkan adanya kasus Skimming yang menargetkan 
            sektor Fintech di wilayah Medan. Menurut sumber dari 
            Kepolisian, insiden ini 
            terjadi pada 02 February 2023. Para ahli keamanan siber 
            menyarankan masyarakat untuk meningkatkan kewaspadaan terhadap ancaman 
            serupa. Kerugian diperkirakan mencapai ratusan juta hingga miliaran rupiah.",kompas.com,2023-02-02,Skimming,Fintech,Medan,negative,44,2025-12-24 12:38:01.498192
NEWS-000137,Tips Lindungi Data dari Ransomware Menurut Pakar Keamanan,"Laporan terbaru menunjukkan adanya kasus Ransomware yang menargetkan 
            sektor Pendidikan di wilayah Makassar. Menurut sumber dari 
            Kominfo, insiden ini 
            terjadi pada 11 February 2023. Para ahli keamanan siber 
            menyarankan masyarakat untuk meningkatkan kewaspadaan terhadap ancaman 
            serupa. Kerugian diperkirakan mencapai ratusan juta hingga miliaran rupiah.",liputan6.com,2023-02-11,Ransomware,Pendidikan,Makassar,negative,44,2025-12-24 12:38:01.498221
NEWS-000138,Serangan Social Engineering Menargetkan Pemerintahan di Makassar,"Laporan terbaru menunjukkan adanya kasus Social Engineering yang menargetkan 
            sektor Pemerintahan di wilayah Makassar. Menurut sumber dari 
            BSSN, insiden ini 
            terjadi pada 03 July 2020. Para ahli keamanan siber 
            menyarankan masyarakat untuk meningkatkan kewaspadaan terhadap ancaman 
            serupa. Kerugian diperkirakan mencapai ratusan juta hingga miliaran rupiah.",tribunnews.com,2020-07-03,Social Engineering,Pemerintahan,Makassar,negative,45,2025-12-24 12:38:01.498255
NEWS-000139,Kominfo Blokir 773 Situs Terkait Skimming,"Laporan terbaru menunjukkan adanya kasus Skimming yang menargetkan 
            sektor E-Commerce di wilayah Yogyakarta. Menurut sumber dari 
            BSSN, insiden ini 
            terjadi pada 09 February 2023. Para ahli keamanan siber 
            menyarankan masyarakat untuk meningkatkan kewaspadaan terhadap ancaman 
            serupa. Kerugian diperkirakan mencapai ratusan juta hingga miliaran rupiah.",tempo.co,2023-02-09,Skimming,E-Commerce,Yogyakarta,neutral,44,2025-12-24 12:38:01.498286
NEWS-000140,BSSN Ungkap Lonjakan Kasus Skimming Sepanjang 2023,"Laporan terbaru menunjukkan adanya kasus Skimming yang menargetkan 
            sektor E-Commerce di wilayah Medan. Menurut sumber dari 
            Kominfo, insiden ini 
            terjadi pada 07 December 2023. Para ahli keamanan siber 
            menyarankan masyarakat untuk meningkatkan kewaspadaan terhadap ancaman 
            serupa. Kerugian diperkirakan mencapai ratusan juta hingga miliaran rupiah.",cnnindonesia.com,2023-12-07,Skimming,E-Commerce,Medan,negative,44,2025-12-24 12:38:01.498316
NEWS-000141,Kerugian Akibat Malware Capai Rp 309 Miliar,"Laporan terbaru menunjukkan adanya kasus Malware yang menargetkan 
            sektor Fintech di wilayah Jawa Timur. Menurut sumber dari 
            BSSN, insiden ini 
            terjadi pada 15 January 2024. Para ahli keamanan siber 
            menyarankan masyarakat untuk meningkatkan kewaspadaan terhadap ancaman 
            serupa. Kerugian diperkirakan mencapai ratusan juta hingga miliaran rupiah.",cnnindonesia.com,2024-01-15,Malware,Fintech,Jawa Timur,positive,45,2025-12-24 12:38:01.498355
NEWS-000142,Tips Lindungi Data dari Penipuan Online Menurut Pakar Keamanan,"Laporan terbaru menunjukkan adanya kasus Penipuan Online yang menargetkan 
            sektor Startup di wilayah Makassar. Menurut sumber dari 
            Kominfo, insiden ini 
            terjadi pada 06 September 2023. Para ahli keamanan siber 
            menyarankan masyarakat untuk meningkatkan kewaspadaan terhadap ancaman 
            serupa. Kerugian diperkirakan mencapai ratusan juta hingga miliaran rupiah.",cnnindonesia.com,2023-09-06,Penipuan Online,Startup,Makassar,negative,45,2025-12-24 12:38:01.498391
NEWS-000143,Tips Lindungi Data dari Penipuan Online Menurut Pakar Keamanan,"Laporan terbaru menunjukkan adanya kasus Penipuan Online yang menargetkan 
            sektor Kesehatan di wilayah Bandung. Menurut sumber dari 
            BSSN, insiden ini 
            terjadi pada 12 May 2023. Para ahli keamanan siber 
            menyarankan masyarakat untuk meningkatkan kewaspadaan terhadap ancaman 
            serupa. Kerugian diperkirakan mencapai ratusan juta hingga miliaran rupiah.",liputan6.com,2023-05-12,Penipuan Online,Kesehatan,Bandung,negative,45,2025-12-24 12:38:01.498428
NEWS-000144,Serangan Phishing Menargetkan Pendidikan di Bandung,"Laporan terbaru menunjukkan adanya kasus Phishing yang menargetkan 
            sektor Pendidikan di wilayah Bandung. Menurut sumber dari 
            Kepolisian, insiden ini 
            terjadi pada 18 December 2023. Para ahli keamanan siber 
            menyarankan masyarakat untuk meningkatkan kewaspadaan terhadap ancaman 
            serupa. Kerugian diperkirakan mencapai ratusan juta hingga miliaran rupiah.",republika.co.id,2023-12-18,Phishing,Pendidikan,Bandung,negative,44,2025-12-24 12:38:01.498460
NEWS-000145,Kasus Phishing di Makassar Meningkat 164%,"Laporan terbaru menunjukkan adanya kasus Phishing yang menargetkan 
            sektor Startup di wilayah Makassar. Menurut sumber dari 
            Kominfo, insiden ini 
            terjadi pada 04 January 2022. Para ahli keamanan siber 
            menyarankan masyarakat untuk meningkatkan kewaspadaan terhadap ancaman 
            serupa. Kerugian diperkirakan mencapai ratusan juta hingga miliaran rupiah.",cnnindonesia.com,2022-01-04,Phishing,Startup,Makassar,positive,44,2025-12-24 12:38:01.498491
NEWS-000146,Tips Lindungi Data dari Ransomware Menurut Pakar Keamanan,"Laporan terbaru menunjukkan adanya kasus Ransomware yang menargetkan 
            sektor Pendidikan di wilayah Jawa Barat. Menurut sumber dari 
            Kepolisian, insiden ini 
            terjadi pada 06 September 2024. Para ahli keamanan siber 
            menyarankan masyarakat untuk meningkatkan kewaspadaan terhadap ancaman 
            serupa. Kerugian diperkirakan mencapai ratusan juta hingga miliaran rupiah.",merdeka.com,2024-09-06,Ransomware,Pendidikan,Jawa Barat,positive,45,2025-12-24 12:38:01.498532
NEWS-000147,Kasus Skimming di Semarang Meningkat 114%,"Laporan terbaru menunjukkan adanya kasus Skimming yang menargetkan 
            sektor Pemerintahan di wilayah Semarang. Menurut sumber dari 
            Kominfo, insiden ini 
            terjadi pada 15 January 2024. Para ahli keamanan siber 
            menyarankan masyarakat untuk meningkatkan kewaspadaan terhadap ancaman 
            serupa. Kerugian diperkirakan mencapai ratusan juta hingga miliaran rupiah.",kompas.com,2024-01-15,Skimming,Pemerintahan,Semarang,neutral,44,2025-12-24 12:38:01.498566
NEWS-000148,Polri Tangkap Pelaku Ransomware yang Rugikan Korban Rp 286 Juta,"Laporan terbaru menunjukkan adanya kasus Ransomware yang menargetkan 
            sektor Pendidikan di wilayah Jawa Barat. Menurut sumber dari 
            Kepolisian, insiden ini 
            terjadi pada 21 May 2022. Para ahli keamanan siber 
            menyarankan masyarakat untuk meningkatkan kewaspadaan terhadap ancaman 
            serupa. Kerugian diperkirakan mencapai ratusan juta hingga miliaran rupiah.",cnnindonesia.com,2022-05-21,Ransomware,Pendidikan,Jawa Barat,negative,45,2025-12-24 12:38:01.498597
NEWS-000149,Pendidikan Kehilangan Data Jutaan Pengguna Akibat DDoS,"Laporan terbaru menunjukkan adanya kasus DDoS yang menargetkan 
            sektor Pendidikan di wilayah Bandung. Menurut sumber dari 
            Kepolisian, insiden ini 
            terjadi pada 30 April 2022. Para ahli keamanan siber 
            menyarankan masyarakat untuk meningkatkan kewaspadaan terhadap ancaman 
            serupa. Kerugian diperkirakan mencapai ratusan juta hingga miliaran rupiah.",detik.com,2022-04-30,DDoS,Pendidikan,Bandung,negative,44,2025-12-24 12:38:01.498627
NEWS-000150,Kominfo Blokir 530 Situs Terkait Social Engineering,"Laporan terbaru menunjukkan adanya kasus Social Engineering yang menargetkan 
            sektor Pemerintahan di wilayah Medan. Menurut sumber dari 
            BSSN, insiden ini 
            terjadi pada 05 September 2022. Para ahli keamanan siber 
            menyarankan masyarakat untuk meningkatkan kewaspadaan terhadap ancaman 
            serupa. Kerugian diperkirakan mencapai ratusan juta hingga miliaran rupiah.",tempo.co,2022-09-05,Social Engineering,Pemerintahan,Medan,negative,45,2025-12-24 12:38:01.498659
NEWS-000151,Startup Indonesia Jadi Target Utama Social Engineering,"Laporan terbaru menunjukkan adanya kasus Social Engineering yang menargetkan 
            sektor Startup di wilayah Surabaya. Menurut sumber dari 
            Kominfo, insiden ini 
            terjadi pada 14 June 2023. Para ahli keamanan siber 
            menyarankan masyarakat untuk meningkatkan kewaspadaan terhadap ancaman 
            serupa. Kerugian diperkirakan mencapai ratusan juta hingga miliaran rupiah.",detik.com,2023-06-14,Social Engineering,Startup,Surabaya,negative,45,2025-12-24 12:38:01.498694
NEWS-000152,Kasus Skimming di Semarang Meningkat 106%,"Laporan terbaru menunjukkan adanya kasus Skimming yang menargetkan 
            sektor Perbankan di wilayah Semarang. Menurut sumber dari 
            BSSN, insiden ini 
            terjadi pada 21 February 2024. Para ahli keamanan siber 
            menyarankan masyarakat untuk meningkatkan kewaspadaan terhadap ancaman 
            serupa. Kerugian diperkirakan mencapai ratusan juta hingga miliaran rupiah.",cnnindonesia.com,2024-02-21,Skimming,Perbankan,Semarang,negative,44,2025-12-24 12:38:01.498725
NEWS-000153,Startup Kehilangan Data Jutaan Pengguna Akibat DDoS,"Laporan terbaru menunjukkan adanya kasus DDoS yang menargetkan 
            sektor Startup di wilayah Jakarta. Menurut sumber dari 
            BSSN, insiden ini 
            terjadi pada 23 September 2024. Para ahli keamanan siber 
            menyarankan masyarakat untuk meningkatkan kewaspadaan terhadap ancaman 
            serupa. Kerugian diperkirakan mencapai ratusan juta hingga miliaran rupiah.",merdeka.com,2024-09-23,DDoS,Startup,Jakarta,neutral,44,2025-12-24 12:38:01.498757
NEWS-000154,Tips Lindungi Data dari Kebocoran Data Menurut Pakar Keamanan,"Laporan terbaru menunjukkan adanya kasus Kebocoran Data yang menargetkan 
            sektor UMKM di wilayah Surabaya. Menurut sumber dari 
            Kominfo, insiden ini 
            terjadi pada 26 April 2022. Para ahli keamanan siber 
            menyarankan masyarakat untuk meningkatkan kewaspadaan terhadap ancaman 
            serupa. Kerugian diperkirakan mencapai ratusan juta hingga miliaran rupiah.",merdeka.com,2022-04-26,Kebocoran Data,UMKM,Surabaya,negative,45,2025-12-24 12:38:01.498788
NEWS-000155,Waspada! Modus Baru Hacking Melalui SMS,"Laporan terbaru menunjukkan adanya kasus Hacking yang menargetkan 
            sektor UMKM di wilayah Medan. Menurut sumber dari 
            Kepolisian, insiden ini 
            terjadi pada 18 September 2021. Para ahli keamanan siber 
            menyarankan masyarakat untuk meningkatkan kewaspadaan terhadap ancaman 
            serupa. Kerugian diperkirakan mencapai ratusan juta hingga miliaran rupiah.",cnnindonesia.com,2021-09-18,Hacking,UMKM,Medan,neutral,44,2025-12-24 12:38:01.498820
NEWS-000156,Serangan Penipuan Online Menargetkan Pendidikan di Medan,"Laporan terbaru menunjukkan adanya kasus Penipuan Online yang menargetkan 
            sektor Pendidikan di wilayah Medan. Menurut sumber dari 
            BSSN, insiden ini 
            terjadi pada 25 December 2021. Para ahli keamanan siber 
            menyarankan masyarakat untuk meningkatkan kewaspadaan terhadap ancaman 
            serupa. Kerugian diperkirakan mencapai ratusan juta hingga miliaran rupiah.",liputan6.com,2021-12-25,Penipuan Online,Pendidikan,Medan,negative,45,2025-12-24 12:38:01.498852
NEWS-000157,Kerugian Akibat Malware Capai Rp 76 Miliar,"Laporan terbaru menunjukkan adanya kasus Malware yang menargetkan 
            sektor Startup di wilayah Medan. Menurut sumber dari 
            Kominfo, insiden ini 
            terjadi pada 16 October 2021. Para ahli keamanan siber 
            menyarankan masyarakat untuk meningkatkan kewaspadaan terhadap ancaman 
            serupa. Kerugian diperkirakan mencapai ratusan juta hingga miliaran rupiah.",tempo.co,2021-10-16,Malware,Startup,Medan,neutral,44,2025-12-24 12:38:01.498882
NEWS-000158,Kominfo Blokir 405 Situs Terkait Phishing,"Laporan terbaru menunjukkan adanya kasus Phishing yang menargetkan 
            sektor Telekomunikasi di wilayah Medan. Menurut sumber dari 
            Kominfo, insiden ini 
            terjadi pada 19 June 2023. Para ahli keamanan siber 
            menyarankan masyarakat untuk meningkatkan kewaspadaan terhadap ancaman 
            serupa. Kerugian diperkirakan mencapai ratusan juta hingga miliaran rupiah.",tribunnews.com,2023-06-19,Phishing,Telekomunikasi,Medan,negative,44,2025-12-24 12:38:01.498916
NEWS-000159,BSSN Ungkap Lonjakan Kasus Social Engineering Sepanjang 2022,"Laporan terbaru menunjukkan adanya kasus Social Engineering yang menargetkan 
            sektor Pemerintahan di wilayah Jawa Timur. Menurut sumber dari 
            Kepolisian, insiden ini 
            terjadi pada 03 May 2022. Para ahli keamanan siber 
            menyarankan masyarakat untuk meningkatkan kewaspadaan terhadap ancaman 
            serupa. Kerugian diperkirakan mencapai ratusan juta hingga miliaran rupiah.",cnnindonesia.com,2022-05-03,Social Engineering,Pemerintahan,Jawa Timur,neutral,46,2025-12-24 12:38:01.498947
NEWS-000160,Tips Lindungi Data dari Penipuan Online Menurut Pakar Keamanan,"Laporan terbaru menunjukkan adanya kasus Penipuan Online yang menargetkan 
            sektor Perbankan di wilayah Jawa Barat. Menurut sumber dari 
            Kepolisian, insiden ini 
            terjadi pada 18 March 2022. Para ahli keamanan siber 
            menyarankan masyarakat untuk meningkatkan kewaspadaan terhadap ancaman 
            serupa. Kerugian diperkirakan mencapai ratusan juta hingga miliaran rupiah.",republika.co.id,2022-03-18,Penipuan Online,Perbankan,Jawa Barat,negative,46,2025-12-24 12:38:01.498977
NEWS-000161,Waspada! Modus Baru Kebocoran Data Melalui Link Palsu,"Laporan terbaru menunjukkan adanya kasus Kebocoran Data yang menargetkan 
            sektor Kesehatan di wilayah Jawa Barat. Menurut sumber dari 
            Kepolisian, insiden ini 
            terjadi pada 02 June 2022. Para ahli keamanan siber 
            menyarankan masyarakat untuk meningkatkan kewaspadaan terhadap ancaman 
            serupa. Kerugian diperkirakan mencapai ratusan juta hingga miliaran rupiah.",merdeka.com,2022-06-02,Kebocoran Data,Kesehatan,Jawa Barat,negative,46,2025-12-24 12:38:01.499010
NEWS-000162,Tips Lindungi Data dari Skimming Menurut Pakar Keamanan,"Laporan terbaru menunjukkan adanya kasus Skimming yang menargetkan 
            sektor Perbankan di wilayah Medan. Menurut sumber dari 
            Kominfo, insiden ini 
            terjadi pada 04 February 2022. Para ahli keamanan siber 
            menyarankan masyarakat untuk meningkatkan kewaspadaan terhadap ancaman 
            serupa. Kerugian diperkirakan mencapai ratusan juta hingga miliaran rupiah.",republika.co.id,2022-02-04,Skimming,Perbankan,Medan,negative,44,2025-12-24 12:38:01.499043
NEWS-000163,Polri Tangkap Pelaku Kebocoran Data yang Rugikan Korban Rp 341 Juta,"Laporan terbaru menunjukkan adanya kasus Kebocoran Data yang menargetkan 
            sektor Telekomunikasi di wilayah Jawa Timur. Menurut sumber dari 
            BSSN, insiden ini 
            terjadi pada 27 August 2021. Para ahli keamanan siber 
            menyarankan masyarakat untuk meningkatkan kewaspadaan terhadap ancaman 
            serupa. Kerugian diperkirakan mencapai ratusan juta hingga miliaran rupiah.",kompas.com,2021-08-27,Kebocoran Data,Telekomunikasi,Jawa Timur,negative,46,2025-12-24 12:38:01.499077
NEWS-000164,Tips Lindungi Data dari Phishing Menurut Pakar Keamanan,"Laporan terbaru menunjukkan adanya kasus Phishing yang menargetkan 
            sektor Telekomunikasi di wilayah Semarang. Menurut sumber dari 
            Kominfo, insiden ini 
            terjadi pada 10 October 2024. Para ahli keamanan siber 
            menyarankan masyarakat untuk meningkatkan kewaspadaan terhadap ancaman 
            serupa. Kerugian diperkirakan mencapai ratusan juta hingga miliaran rupiah.",tribunnews.com,2024-10-10,Phishing,Telekomunikasi,Semarang,neutral,44,2025-12-24 12:38:01.499107
NEWS-000165,BSSN Ungkap Lonjakan Kasus Social Engineering Sepanjang 2021,"Laporan terbaru menunjukkan adanya kasus Social Engineering yang menargetkan 
            sektor Pemerintahan di wilayah Jakarta. Menurut sumber dari 
            BSSN, insiden ini 
            terjadi pada 23 October 2021. Para ahli keamanan siber 
            menyarankan masyarakat untuk meningkatkan kewaspadaan terhadap ancaman 
            serupa. Kerugian diperkirakan mencapai ratusan juta hingga miliaran rupiah.",merdeka.com,2021-10-23,Social Engineering,Pemerintahan,Jakarta,positive,45,2025-12-24 12:38:01.499142
NEWS-000166,Tips Lindungi Data dari DDoS Menurut Pakar Keamanan,"Laporan terbaru menunjukkan adanya kasus DDoS yang menargetkan 
            sektor Pemerintahan di wilayah Jawa Barat. Menurut sumber dari 
            BSSN, insiden ini 
            terjadi pada 25 May 2023. Para ahli keamanan siber 
            menyarankan masyarakat untuk meningkatkan kewaspadaan terhadap ancaman 
            serupa. Kerugian diperkirakan mencapai ratusan juta hingga miliaran rupiah.",kompas.com,2023-05-25,DDoS,Pemerintahan,Jawa Barat,neutral,45,2025-12-24 12:38:01.499175
NEWS-000167,Serangan Social Engineering Menargetkan Kesehatan di Medan,"Laporan terbaru menunjukkan adanya kasus Social Engineering yang menargetkan 
            sektor Kesehatan di wilayah Medan. Menurut sumber dari 
            Kepolisian, insiden ini 
            terjadi pada 23 January 2022. Para ahli keamanan siber 
            menyarankan masyarakat untuk meningkatkan kewaspadaan terhadap ancaman 
            serupa. Kerugian diperkirakan mencapai ratusan juta hingga miliaran rupiah.",tribunnews.com,2022-01-23,Social Engineering,Kesehatan,Medan,negative,45,2025-12-24 12:38:01.499207
NEWS-000168,Serangan Social Engineering Menargetkan Kesehatan di Jawa Barat,"Laporan terbaru menunjukkan adanya kasus Social Engineering yang menargetkan 
            sektor Kesehatan di wilayah Jawa Barat. Menurut sumber dari 
            Kepolisian, insiden ini 
            terjadi pada 24 March 2023. Para ahli keamanan siber 
            menyarankan masyarakat untuk meningkatkan kewaspadaan terhadap ancaman 
            serupa. Kerugian diperkirakan mencapai ratusan juta hingga miliaran rupiah.",merdeka.com,2023-03-24,Social Engineering,Kesehatan,Jawa Barat,neutral,46,2025-12-24 12:38:01.499242
NEWS-000169,Kominfo Blokir 386 Situs Terkait Social Engineering,"Laporan terbaru menunjukkan adanya kasus Social Engineering yang menargetkan 
            sektor Pemerintahan di wilayah Bali. Menurut sumber dari 
            Kominfo, insiden ini 
            terjadi pada 01 July 2024. Para ahli keamanan siber 
            menyarankan masyarakat untuk meningkatkan kewaspadaan terhadap ancaman 
            serupa. Kerugian diperkirakan mencapai ratusan juta hingga miliaran rupiah.",detik.com,2024-07-01,Social Engineering,Pemerintahan,Bali,neutral,45,2025-12-24 12:38:01.499280
NEWS-000170,BSSN Ungkap Lonjakan Kasus Hacking Sepanjang 2021,"Laporan terbaru menunjukkan adanya kasus Hacking yang menargetkan 
            sektor Pemerintahan di wilayah Medan. Menurut sumber dari 
            Kominfo, insiden ini 
            terjadi pada 11 December 2021. Para ahli keamanan siber 
            menyarankan masyarakat untuk meningkatkan kewaspadaan terhadap ancaman 
            serupa. Kerugian diperkirakan mencapai ratusan juta hingga miliaran rupiah.",liputan6.com,2021-12-11,Hacking,Pemerintahan,Medan,negative,44,2025-12-24 12:38:01.499317
NEWS-000171,Pemerintahan Kehilangan Data Jutaan Pengguna Akibat Hacking,"Laporan terbaru menunjukkan adanya kasus Hacking yang menargetkan 
            sektor Pemerintahan di wilayah Bali. Menurut sumber dari 
            Kominfo, insiden ini 
            terjadi pada 22 June 2021. Para ahli keamanan siber 
            menyarankan masyarakat untuk meningkatkan kewaspadaan terhadap ancaman 
            serupa. Kerugian diperkirakan mencapai ratusan juta hingga miliaran rupiah.",republika.co.id,2021-06-22,Hacking,Pemerintahan,Bali,negative,44,2025-12-24 12:38:01.499353
NEWS-000172,Serangan Ransomware Menargetkan Telekomunikasi di Semarang,"Laporan terbaru menunjukkan adanya kasus Ransomware yang menargetkan 
            sektor Telekomunikasi di wilayah Semarang. Menurut sumber dari 
            BSSN, insiden ini 
            terjadi pada 28 September 2022. Para ahli keamanan siber 
            menyarankan masyarakat untuk meningkatkan kewaspadaan terhadap ancaman 
            serupa. Kerugian diperkirakan mencapai ratusan juta hingga miliaran rupiah.",merdeka.com,2022-09-28,Ransomware,Telekomunikasi,Semarang,negative,44,2025-12-24 12:38:01.499387
NEWS-000173,BSSN Ungkap Lonjakan Kasus Kebocoran Data Sepanjang 2021,"Laporan terbaru menunjukkan adanya kasus Kebocoran Data yang menargetkan 
            sektor Pendidikan di wilayah Semarang. Menurut sumber dari 
            Kepolisian, insiden ini 
            terjadi pada 16 March 2021. Para ahli keamanan siber 
            menyarankan masyarakat untuk meningkatkan kewaspadaan terhadap ancaman 
            serupa. Kerugian diperkirakan mencapai ratusan juta hingga miliaran rupiah.",merdeka.com,2021-03-16,Kebocoran Data,Pendidikan,Semarang,neutral,45,2025-12-24 12:38:01.499436
NEWS-000174,Polri Tangkap Pelaku Penipuan Online yang Rugikan Korban Rp 71 Juta,"Laporan terbaru menunjukkan adanya kasus Penipuan Online yang menargetkan 
            sektor E-Commerce di wilayah Makassar. Menurut sumber dari 
            Kepolisian, insiden ini 
            terjadi pada 12 July 2021. Para ahli keamanan siber 
            menyarankan masyarakat untuk meningkatkan kewaspadaan terhadap ancaman 
            serupa. Kerugian diperkirakan mencapai ratusan juta hingga miliaran rupiah.",liputan6.com,2021-07-12,Penipuan Online,E-Commerce,Makassar,negative,45,2025-12-24 12:38:01.499469
NEWS-000175,BSSN Ungkap Lonjakan Kasus Phishing Sepanjang 2024,"Laporan terbaru menunjukkan adanya kasus Phishing yang menargetkan 
            sektor Pemerintahan di wilayah Bali. Menurut sumber dari 
            BSSN, insiden ini 
            terjadi pada 25 November 2024. Para ahli keamanan siber 
            menyarankan masyarakat untuk meningkatkan kewaspadaan terhadap ancaman 
            serupa. Kerugian diperkirakan mencapai ratusan juta hingga miliaran rupiah.",liputan6.com,2024-11-25,Phishing,Pemerintahan,Bali,neutral,44,2025-12-24 12:38:01.499502
NEWS-000176,Tips Lindungi Data dari Kebocoran Data Menurut Pakar Keamanan,"Laporan terbaru menunjukkan adanya kasus Kebocoran Data yang menargetkan 
            sektor Kesehatan di wilayah Bali. Menurut sumber dari 
            Kominfo, insiden ini 
            terjadi pada 27 September 2023. Para ahli keamanan siber 
            menyarankan masyarakat untuk meningkatkan kewaspadaan terhadap ancaman 
            serupa. Kerugian diperkirakan mencapai ratusan juta hingga miliaran rupiah.",cnnindonesia.com,2023-09-27,Kebocoran Data,Kesehatan,Bali,neutral,45,2025-12-24 12:38:01.499535
NEWS-000177,Tips Lindungi Data dari Ransomware Menurut Pakar Keamanan,"Laporan terbaru menunjukkan adanya kasus Ransomware yang menargetkan 
            sektor Pendidikan di wilayah Semarang. Menurut sumber dari 
            Kominfo, insiden ini 
            terjadi pada 30 July 2021. Para ahli keamanan siber 
            menyarankan masyarakat untuk meningkatkan kewaspadaan terhadap ancaman 
            serupa. Kerugian diperkirakan mencapai ratusan juta hingga miliaran rupiah.",liputan6.com,2021-07-30,Ransomware,Pendidikan,Semarang,neutral,44,2025-12-24 12:38:01.499568
NEWS-000178,Kerugian Akibat Social Engineering Capai Rp 63 Miliar,"Laporan terbaru menunjukkan adanya kasus Social Engineering yang menargetkan 
            sektor UMKM di wilayah Surabaya. Menurut sumber dari 
            BSSN, insiden ini 
            terjadi pada 26 March 2024. Para ahli keamanan siber 
            menyarankan masyarakat untuk meningkatkan kewaspadaan terhadap ancaman 
            serupa. Kerugian diperkirakan mencapai ratusan juta hingga miliaran rupiah.",merdeka.com,2024-03-26,Social Engineering,UMKM,Surabaya,negative,45,2025-12-24 12:38:01.499602
NEWS-000179,Kasus Social Engineering di Medan Meningkat 89%,"Laporan terbaru menunjukkan adanya kasus Social Engineering yang menargetkan 
            sektor Startup di wilayah Medan. Menurut sumber dari 
            Kominfo, insiden ini 
            terjadi pada 21 November 2021. Para ahli keamanan siber 
            menyarankan masyarakat untuk meningkatkan kewaspadaan terhadap ancaman 
            serupa. Kerugian diperkirakan mencapai ratusan juta hingga miliaran rupiah.",merdeka.com,2021-11-21,Social Engineering,Startup,Medan,negative,45,2025-12-24 12:38:01.499642
NEWS-000180,Kominfo Blokir 470 Situs Terkait Ransomware,"Laporan terbaru menunjukkan adanya kasus Ransomware yang menargetkan 
            sektor Pemerintahan di wilayah Semarang. Menurut sumber dari 
            Kepolisian, insiden ini 
            terjadi pada 05 September 2023. Para ahli keamanan siber 
            menyarankan masyarakat untuk meningkatkan kewaspadaan terhadap ancaman 
            serupa. Kerugian diperkirakan mencapai ratusan juta hingga miliaran rupiah.",tempo.co,2023-09-05,Ransomware,Pemerintahan,Semarang,negative,44,2025-12-24 12:38:01.499676
NEWS-000181,Kasus DDoS di Yogyakarta Meningkat 41%,"Laporan terbaru menunjukkan adanya kasus DDoS yang menargetkan 
            sektor Pemerintahan di wilayah Yogyakarta. Menurut sumber dari 
            Kepolisian, insiden ini 
            terjadi pada 03 October 2022. Para ahli keamanan siber 
            menyarankan masyarakat untuk meningkatkan kewaspadaan terhadap ancaman 
            serupa. Kerugian diperkirakan mencapai ratusan juta hingga miliaran rupiah.",cnnindonesia.com,2022-10-03,DDoS,Pemerintahan,Yogyakarta,negative,44,2025-12-24 12:38:01.499714
NEWS-000182,Kerugian Akibat Social Engineering Capai Rp 486 Miliar,"Laporan terbaru menunjukkan adanya kasus Social Engineering yang menargetkan 
            sektor Fintech di wilayah Semarang. Menurut sumber dari 
            Kominfo, insiden ini 
            terjadi pada 21 November 2023. Para ahli keamanan siber 
            menyarankan masyarakat untuk meningkatkan kewaspadaan terhadap ancaman 
            serupa. Kerugian diperkirakan mencapai ratusan juta hingga miliaran rupiah.",tribunnews.com,2023-11-21,Social Engineering,Fintech,Semarang,neutral,45,2025-12-24 12:38:01.499753
NEWS-000183,Kasus Malware di Bandung Meningkat 174%,"Laporan terbaru menunjukkan adanya kasus Malware yang menargetkan 
            sektor Pemerintahan di wilayah Bandung. Menurut sumber dari 
            BSSN, insiden ini 
            terjadi pada 12 October 2023. Para ahli keamanan siber 
            menyarankan masyarakat untuk meningkatkan kewaspadaan terhadap ancaman 
            serupa. Kerugian diperkirakan mencapai ratusan juta hingga miliaran rupiah.",cnnindonesia.com,2023-10-12,Malware,Pemerintahan,Bandung,negative,44,2025-12-24 12:38:01.499792
NEWS-000184,Perbankan Kehilangan Data Jutaan Pengguna Akibat Social Engineering,"Laporan terbaru menunjukkan adanya kasus Social Engineering yang menargetkan 
            sektor Perbankan di wilayah Jakarta. Menurut sumber dari 
            Kepolisian, insiden ini 
            terjadi pada 04 October 2022. Para ahli keamanan siber 
            menyarankan masyarakat untuk meningkatkan kewaspadaan terhadap ancaman 
            serupa. Kerugian diperkirakan mencapai ratusan juta hingga miliaran rupiah.",liputan6.com,2022-10-04,Social Engineering,Perbankan,Jakarta,neutral,45,2025-12-24 12:38:01.499828
NEWS-000185,Perbankan Kehilangan Data Jutaan Pengguna Akibat Hacking,"Laporan terbaru menunjukkan adanya kasus Hacking yang menargetkan 
            sektor Perbankan di wilayah Bali. Menurut sumber dari 
            Kominfo, insiden ini 
            terjadi pada 03 October 2021. Para ahli keamanan siber 
            menyarankan masyarakat untuk meningkatkan kewaspadaan terhadap ancaman 
            serupa. Kerugian diperkirakan mencapai ratusan juta hingga miliaran rupiah.",tribunnews.com,2021-10-03,Hacking,Perbankan,Bali,neutral,44,2025-12-24 12:38:01.499862
NEWS-000186,Kominfo Blokir 171 Situs Terkait Malware,"Laporan terbaru menunjukkan adanya kasus Malware yang menargetkan 
            sektor Startup di wilayah Jawa Barat. Menurut sumber dari 
            Kominfo, insiden ini 
            terjadi pada 12 April 2021. Para ahli keamanan siber 
            menyarankan masyarakat untuk meningkatkan kewaspadaan terhadap ancaman 
            serupa. Kerugian diperkirakan mencapai ratusan juta hingga miliaran rupiah.",merdeka.com,2021-04-12,Malware,Startup,Jawa Barat,negative,45,2025-12-24 12:38:01.499898
NEWS-000187,Polri Tangkap Pelaku DDoS yang Rugikan Korban Rp 376 Juta,"Laporan terbaru menunjukkan adanya kasus DDoS yang menargetkan 
            sektor Pendidikan di wilayah Semarang. Menurut sumber dari 
            Kominfo, insiden ini 
            terjadi pada 07 April 2023. Para ahli keamanan siber 
            menyarankan masyarakat untuk meningkatkan kewaspadaan terhadap ancaman 
            serupa. Kerugian diperkirakan mencapai ratusan juta hingga miliaran rupiah.",detik.com,2023-04-07,DDoS,Pendidikan,Semarang,negative,44,2025-12-24 12:38:01.499933
NEWS-000188,Tips Lindungi Data dari Ransomware Menurut Pakar Keamanan,"Laporan terbaru menunjukkan adanya kasus Ransomware yang menargetkan 
            sektor Kesehatan di wilayah Bali. Menurut sumber dari 
            Kominfo, insiden ini 
            terjadi pada 30 October 2020. Para ahli keamanan siber 
            menyarankan masyarakat untuk meningkatkan kewaspadaan terhadap ancaman 
            serupa. Kerugian diperkirakan mencapai ratusan juta hingga miliaran rupiah.",republika.co.id,2020-10-30,Ransomware,Kesehatan,Bali,neutral,44,2025-12-24 12:38:01.499968
NEWS-000189,Kominfo Blokir 204 Situs Terkait Kebocoran Data,"Laporan terbaru menunjukkan adanya kasus Kebocoran Data yang menargetkan 
            sektor Pemerintahan di wilayah Semarang. Menurut sumber dari 
            Kominfo, insiden ini 
            terjadi pada 11 October 2022. Para ahli keamanan siber 
            menyarankan masyarakat untuk meningkatkan kewaspadaan terhadap ancaman 
            serupa. Kerugian diperkirakan mencapai ratusan juta hingga miliaran rupiah.",merdeka.com,2022-10-11,Kebocoran Data,Pemerintahan,Semarang,negative,45,2025-12-24 12:38:01.500003
NEWS-000190,Waspada! Modus Baru Penipuan Online Melalui Website Palsu,"Laporan terbaru menunjukkan adanya kasus Penipuan Online yang menargetkan 
            sektor Perbankan di wilayah Jawa Barat. Menurut sumber dari 
            BSSN, insiden ini 
            terjadi pada 02 November 2022. Para ahli keamanan siber 
            menyarankan masyarakat untuk meningkatkan kewaspadaan terhadap ancaman 
            serupa. Kerugian diperkirakan mencapai ratusan juta hingga miliaran rupiah.",tribunnews.com,2022-11-02,Penipuan Online,Perbankan,Jawa Barat,negative,46,2025-12-24 12:38:01.500042
NEWS-000191,Serangan Phishing Menargetkan Kesehatan di Bali,"Laporan terbaru menunjukkan adanya kasus Phishing yang menargetkan 
            sektor Kesehatan di wilayah Bali. Menurut sumber dari 
            BSSN, insiden ini 
            terjadi pada 07 September 2022. Para ahli keamanan siber 
            menyarankan masyarakat untuk meningkatkan kewaspadaan terhadap ancaman 
            serupa. Kerugian diperkirakan mencapai ratusan juta hingga miliaran rupiah.",detik.com,2022-09-07,Phishing,Kesehatan,Bali,negative,44,2025-12-24 12:38:01.500085
NEWS-000192,Waspada! Modus Baru Social Engineering Melalui Website Palsu,"Laporan terbaru menunjukkan adanya kasus Social Engineering yang menargetkan 
            sektor Telekomunikasi di wilayah Semarang. Menurut sumber dari 
            Kepolisian, insiden ini 
            terjadi pada 13 December 2022. Para ahli keamanan siber 
            menyarankan masyarakat untuk meningkatkan kewaspadaan terhadap ancaman 
            serupa. Kerugian diperkirakan mencapai ratusan juta hingga miliaran rupiah.",tribunnews.com,2022-12-13,Social Engineering,Telekomunikasi,Semarang,negative,45,2025-12-24 12:38:01.500120
NEWS-000193,Waspada! Modus Baru Ransomware Melalui Aplikasi Berbahaya,"Laporan terbaru menunjukkan adanya kasus Ransomware yang menargetkan 
            sektor Telekomunikasi di wilayah Medan. Menurut sumber dari 
            Kepolisian, insiden ini 
            terjadi pada 17 March 2022. Para ahli keamanan siber 
            menyarankan masyarakat untuk meningkatkan kewaspadaan terhadap ancaman 
            serupa. Kerugian diperkirakan mencapai ratusan juta hingga miliaran rupiah.",detik.com,2022-03-17,Ransomware,Telekomunikasi,Medan,negative,44,2025-12-24 12:38:01.500160
NEWS-000194,BSSN Ungkap Lonjakan Kasus Hacking Sepanjang 2021,"Laporan terbaru menunjukkan adanya kasus Hacking yang menargetkan 
            sektor Pendidikan di wilayah Semarang. Menurut sumber dari 
            BSSN, insiden ini 
            terjadi pada 08 April 2021. Para ahli keamanan siber 
            menyarankan masyarakat untuk meningkatkan kewaspadaan terhadap ancaman 
            serupa. Kerugian diperkirakan mencapai ratusan juta hingga miliaran rupiah.",republika.co.id,2021-04-08,Hacking,Pendidikan,Semarang,negative,44,2025-12-24 12:38:01.500195
NEWS-000195,Serangan Phishing Menargetkan Pemerintahan di Semarang,"Laporan terbaru menunjukkan adanya kasus Phishing yang menargetkan 
            sektor Pemerintahan di wilayah Semarang. Menurut sumber dari 
            BSSN, insiden ini 
            terjadi pada 27 March 2023. Para ahli keamanan siber 
            menyarankan masyarakat untuk meningkatkan kewaspadaan terhadap ancaman 
            serupa. Kerugian diperkirakan mencapai ratusan juta hingga miliaran rupiah.",cnnindonesia.com,2023-03-27,Phishing,Pemerintahan,Semarang,negative,44,2025-12-24 12:38:01.500230
NEWS-000196,Pemerintahan Kehilangan Data Jutaan Pengguna Akibat Social Engineering,"Laporan terbaru menunjukkan adanya kasus Social Engineering yang menargetkan 
            sektor Pemerintahan di wilayah Yogyakarta. Menurut sumber dari 
            Kepolisian, insiden ini 
            terjadi pada 25 April 2022. Para ahli keamanan siber 
            menyarankan masyarakat untuk meningkatkan kewaspadaan terhadap ancaman 
            serupa. Kerugian diperkirakan mencapai ratusan juta hingga miliaran rupiah.",merdeka.com,2022-04-25,Social Engineering,Pemerintahan,Yogyakarta,neutral,45,2025-12-24 12:38:01.500265
NEWS-000197,Waspada! Modus Baru Penipuan Online Melalui Email,"Laporan terbaru menunjukkan adanya kasus Penipuan Online yang menargetkan 
            sektor Perbankan di wilayah Semarang. Menurut sumber dari 
            Kominfo, insiden ini 
            terjadi pada 07 August 2023. Para ahli keamanan siber 
            menyarankan masyarakat untuk meningkatkan kewaspadaan terhadap ancaman 
            serupa. Kerugian diperkirakan mencapai ratusan juta hingga miliaran rupiah.",kompas.com,2023-08-07,Penipuan Online,Perbankan,Semarang,negative,45,2025-12-24 12:38:01.500303
NEWS-000198,Waspada! Modus Baru Kebocoran Data Melalui SMS,"Laporan terbaru menunjukkan adanya kasus Kebocoran Data yang menargetkan 
            sektor Perbankan di wilayah Makassar. Menurut sumber dari 
            Kepolisian, insiden ini 
            terjadi pada 31 December 2022. Para ahli keamanan siber 
            menyarankan masyarakat untuk meningkatkan kewaspadaan terhadap ancaman 
            serupa. Kerugian diperkirakan mencapai ratusan juta hingga miliaran rupiah.",republika.co.id,2022-12-31,Kebocoran Data,Perbankan,Makassar,negative,45,2025-12-24 12:38:01.500340
NEWS-000199,E-Commerce Indonesia Jadi Target Utama Phishing,"Laporan terbaru menunjukkan adanya kasus Phishing yang menargetkan 
            sektor E-Commerce di wilayah Surabaya. Menurut sumber dari 
            BSSN, insiden ini 
            terjadi pada 09 April 2023. Para ahli keamanan siber 
            menyarankan masyarakat untuk meningkatkan kewaspadaan terhadap ancaman 
            serupa. Kerugian diperkirakan mencapai ratusan juta hingga miliaran rupiah.",republika.co.id,2023-04-09,Phishing,E-Commerce,Surabaya,neutral,44,2025-12-24 12:38:01.500376
NEWS-000200,Kominfo Blokir 541 Situs Terkait Skimming,"Laporan terbaru menunjukkan adanya kasus Skimming yang menargetkan 
            sektor Startup di wilayah Jakarta. Menurut sumber dari 
            Kepolisian, insiden ini 
            terjadi pada 10 April 2022. Para ahli keamanan siber 
            menyarankan masyarakat untuk meningkatkan kewaspadaan terhadap ancaman 
            serupa. Kerugian diperkirakan mencapai ratusan juta hingga miliaran rupiah.",tempo.co,2022-04-10,Skimming,Startup,Jakarta,positive,44,2025-12-24 12:38:01.500429
NEWS-000201,Tips Lindungi Data dari Skimming Menurut Pakar Keamanan,"Laporan terbaru menunjukkan adanya kasus Skimming yang menargetkan 
            sektor Telekomunikasi di wilayah Semarang. Menurut sumber dari 
            Kominfo, insiden ini 
            terjadi pada 22 February 2022. Para ahli keamanan siber 
            menyarankan masyarakat untuk meningkatkan kewaspadaan terhadap ancaman 
            serupa. Kerugian diperkirakan mencapai ratusan juta hingga miliaran rupiah.",tempo.co,2022-02-22,Skimming,Telekomunikasi,Semarang,neutral,44,2025-12-24 12:38:01.500469
NEWS-000202,Waspada! Modus Baru Penipuan Online Melalui Aplikasi Berbahaya,"Laporan terbaru menunjukkan adanya kasus Penipuan Online yang menargetkan 
            sektor Fintech di wilayah Surabaya. Menurut sumber dari 
            Kominfo, insiden ini 
            terjadi pada 08 October 2024. Para ahli keamanan siber 
            menyarankan masyarakat untuk meningkatkan kewaspadaan terhadap ancaman 
            serupa. Kerugian diperkirakan mencapai ratusan juta hingga miliaran rupiah.",tribunnews.com,2024-10-08,Penipuan Online,Fintech,Surabaya,neutral,45,2025-12-24 12:38:01.500508
NEWS-000203,Tips Lindungi Data dari Social Engineering Menurut Pakar Keamanan,"Laporan terbaru menunjukkan adanya kasus Social Engineering yang menargetkan 
            sektor Startup di wilayah Semarang. Menurut sumber dari 
            Kepolisian, insiden ini 
            terjadi pada 24 November 2024. Para ahli keamanan siber 
            menyarankan masyarakat untuk meningkatkan kewaspadaan terhadap ancaman 
            serupa. Kerugian diperkirakan mencapai ratusan juta hingga miliaran rupiah.",republika.co.id,2024-11-24,Social Engineering,Startup,Semarang,neutral,45,2025-12-24 12:38:01.500547
NEWS-000204,Kominfo Blokir 988 Situs Terkait Social Engineering,"Laporan terbaru menunjukkan adanya kasus Social Engineering yang menargetkan 
            sektor Pemerintahan di wilayah Bandung. Menurut sumber dari 
            BSSN, insiden ini 
            terjadi pada 27 May 2024. Para ahli keamanan siber 
            menyarankan masyarakat untuk meningkatkan kewaspadaan terhadap ancaman 
            serupa. Kerugian diperkirakan mencapai ratusan juta hingga miliaran rupiah.",tempo.co,2024-05-27,Social Engineering,Pemerintahan,Bandung,neutral,45,2025-12-24 12:38:01.500585
NEWS-000205,Waspada! Modus Baru Penipuan Online Melalui Aplikasi Berbahaya,"Laporan terbaru menunjukkan adanya kasus Penipuan Online yang menargetkan 
            sektor Fintech di wilayah Surabaya. Menurut sumber dari 
            Kepolisian, insiden ini 
            terjadi pada 02 March 2023. Para ahli keamanan siber 
            menyarankan masyarakat untuk meningkatkan kewaspadaan terhadap ancaman 
            serupa. Kerugian diperkirakan mencapai ratusan juta hingga miliaran rupiah.",liputan6.com,2023-03-02,Penipuan Online,Fintech,Surabaya,negative,45,2025-12-24 12:38:01.500627
NEWS-000206,Fintech Kehilangan Data Jutaan Pengguna Akibat Kebocoran Data,"Laporan terbaru menunjukkan adanya kasus Kebocoran Data yang menargetkan 
            sektor Fintech di wilayah Jakarta. Menurut sumber dari 
            BSSN, insiden ini 
            terjadi pada 30 September 2022. Para ahli keamanan siber 
            menyarankan masyarakat untuk meningkatkan kewaspadaan terhadap ancaman 
            serupa. Kerugian diperkirakan mencapai ratusan juta hingga miliaran rupiah.",detik.com,2022-09-30,Kebocoran Data,Fintech,Jakarta,negative,45,2025-12-24 12:38:01.500665
NEWS-000207,Tips Lindungi Data dari Ransomware Menurut Pakar Keamanan,"Laporan terbaru menunjukkan adanya kasus Ransomware yang menargetkan 
            sektor Pemerintahan di wilayah Jakarta. Menurut sumber dari 
            Kominfo, insiden ini 
            terjadi pada 16 November 2020. Para ahli keamanan siber 
            menyarankan masyarakat untuk meningkatkan kewaspadaan terhadap ancaman 
            serupa. Kerugian diperkirakan mencapai ratusan juta hingga miliaran rupiah.",merdeka.com,2020-11-16,Ransomware,Pemerintahan,Jakarta,neutral,44,2025-12-24 12:38:01.500703
NEWS-000208,Waspada! Modus Baru Social Engineering Melalui Email,"Laporan terbaru menunjukkan adanya kasus Social Engineering yang menargetkan 
            sektor Kesehatan di wilayah Jakarta. Menurut sumber dari 
            BSSN, insiden ini 
            terjadi pada 28 May 2023. Para ahli keamanan siber 
            menyarankan masyarakat untuk meningkatkan kewaspadaan terhadap ancaman 
            serupa. Kerugian diperkirakan mencapai ratusan juta hingga miliaran rupiah.",kompas.com,2023-05-28,Social Engineering,Kesehatan,Jakarta,neutral,45,2025-12-24 12:38:01.500743
NEWS-000209,Kerugian Akibat Hacking Capai Rp 429 Miliar,"Laporan terbaru menunjukkan adanya kasus Hacking yang menargetkan 
            sektor Pemerintahan di wilayah Jakarta. Menurut sumber dari 
            BSSN, insiden ini 
            terjadi pada 23 November 2021. Para ahli keamanan siber 
            menyarankan masyarakat untuk meningkatkan kewaspadaan terhadap ancaman 
            serupa. Kerugian diperkirakan mencapai ratusan juta hingga miliaran rupiah.",liputan6.com,2021-11-23,Hacking,Pemerintahan,Jakarta,neutral,44,2025-12-24 12:38:01.500781
NEWS-000210,Serangan Malware Menargetkan E-Commerce di Semarang,"Laporan terbaru menunjukkan adanya kasus Malware yang menargetkan 
            sektor E-Commerce di wilayah Semarang. Menurut sumber dari 
            Kepolisian, insiden ini 
            terjadi pada 12 January 2021. Para ahli keamanan siber 
            menyarankan masyarakat untuk meningkatkan kewaspadaan terhadap ancaman 
            serupa. Kerugian diperkirakan mencapai ratusan juta hingga miliaran rupiah.",merdeka.com,2021-01-12,Malware,E-Commerce,Semarang,neutral,44,2025-12-24 12:38:01.500819
NEWS-000211,Kerugian Akibat Skimming Capai Rp 99 Miliar,"Laporan terbaru menunjukkan adanya kasus Skimming yang menargetkan 
            sektor Startup di wilayah Bandung. Menurut sumber dari 
            Kepolisian, insiden ini 
            terjadi pada 30 January 2023. Para ahli keamanan siber 
            menyarankan masyarakat untuk meningkatkan kewaspadaan terhadap ancaman 
            serupa. Kerugian diperkirakan mencapai ratusan juta hingga miliaran rupiah.",merdeka.com,2023-01-30,Skimming,Startup,Bandung,neutral,44,2025-12-24 12:38:01.500860
NEWS-000212,Kerugian Akibat Phishing Capai Rp 291 Miliar,"Laporan terbaru menunjukkan adanya kasus Phishing yang menargetkan 
            sektor Pendidikan di wilayah Bandung. Menurut sumber dari 
            Kepolisian, insiden ini 
            terjadi pada 10 November 2024. Para ahli keamanan siber 
            menyarankan masyarakat untuk meningkatkan kewaspadaan terhadap ancaman 
            serupa. Kerugian diperkirakan mencapai ratusan juta hingga miliaran rupiah.",republika.co.id,2024-11-10,Phishing,Pendidikan,Bandung,neutral,44,2025-12-24 12:38:01.500898
NEWS-000213,Kasus Social Engineering di Yogyakarta Meningkat 45%,"Laporan terbaru menunjukkan adanya kasus Social Engineering yang menargetkan 
            sektor E-Commerce di wilayah Yogyakarta. Menurut sumber dari 
            Kominfo, insiden ini 
            terjadi pada 28 January 2021. Para ahli keamanan siber 
            menyarankan masyarakat untuk meningkatkan kewaspadaan terhadap ancaman 
            serupa. Kerugian diperkirakan mencapai ratusan juta hingga miliaran rupiah.",tempo.co,2021-01-28,Social Engineering,E-Commerce,Yogyakarta,neutral,45,2025-12-24 12:38:01.500935
NEWS-000214,Serangan Malware Menargetkan Telekomunikasi di Surabaya,"Laporan terbaru menunjukkan adanya kasus Malware yang menargetkan 
            sektor Telekomunikasi di wilayah Surabaya. Menurut sumber dari 
            Kominfo, insiden ini 
            terjadi pada 12 December 2022. Para ahli keamanan siber 
            menyarankan masyarakat untuk meningkatkan kewaspadaan terhadap ancaman 
            serupa. Kerugian diperkirakan mencapai ratusan juta hingga miliaran rupiah.",kompas.com,2022-12-12,Malware,Telekomunikasi,Surabaya,negative,44,2025-12-24 12:38:01.500978
NEWS-000215,Polri Tangkap Pelaku Kebocoran Data yang Rugikan Korban Rp 239 Juta,"Laporan terbaru menunjukkan adanya kasus Kebocoran Data yang menargetkan 
            sektor Perbankan di wilayah Jawa Barat. Menurut sumber dari 
            Kepolisian, insiden ini 
            terjadi pada 06 August 2022. Para ahli keamanan siber 
            menyarankan masyarakat untuk meningkatkan kewaspadaan terhadap ancaman 
            serupa. Kerugian diperkirakan mencapai ratusan juta hingga miliaran rupiah.",liputan6.com,2022-08-06,Kebocoran Data,Perbankan,Jawa Barat,neutral,46,2025-12-24 12:38:01.501018
NEWS-000216,Waspada! Modus Baru Social Engineering Melalui SMS,"Laporan terbaru menunjukkan adanya kasus Social Engineering yang menargetkan 
            sektor Fintech di wilayah Surabaya. Menurut sumber dari 
            Kominfo, insiden ini 
            terjadi pada 16 April 2023. Para ahli keamanan siber 
            menyarankan masyarakat untuk meningkatkan kewaspadaan terhadap ancaman 
            serupa. Kerugian diperkirakan mencapai ratusan juta hingga miliaran rupiah.",tempo.co,2023-04-16,Social Engineering,Fintech,Surabaya,negative,45,2025-12-24 12:38:01.501056
NEWS-000217,Kasus Penipuan Online di Surabaya Meningkat 162%,"Laporan terbaru menunjukkan adanya kasus Penipuan Online yang menargetkan 
            sektor UMKM di wilayah Surabaya. Menurut sumber dari 
            BSSN, insiden ini 
            terjadi pada 26 September 2023. Para ahli keamanan siber 
            menyarankan masyarakat untuk meningkatkan kewaspadaan terhadap ancaman 
            serupa. Kerugian diperkirakan mencapai ratusan juta hingga miliaran rupiah.",merdeka.com,2023-09-26,Penipuan Online,UMKM,Surabaya,negative,45,2025-12-24 12:38:01.501095
NEWS-000218,Polri Tangkap Pelaku Ransomware yang Rugikan Korban Rp 425 Juta,"Laporan terbaru menunjukkan adanya kasus Ransomware yang menargetkan 
            sektor E-Commerce di wilayah Jakarta. Menurut sumber dari 
            BSSN, insiden ini 
            terjadi pada 07 December 2021. Para ahli keamanan siber 
            menyarankan masyarakat untuk meningkatkan kewaspadaan terhadap ancaman 
            serupa. Kerugian diperkirakan mencapai ratusan juta hingga miliaran rupiah.",cnnindonesia.com,2021-12-07,Ransomware,E-Commerce,Jakarta,negative,44,2025-12-24 12:38:01.501136
NEWS-000219,Kasus Penipuan Online di Surabaya Meningkat 140%,"Laporan terbaru menunjukkan adanya kasus Penipuan Online yang menargetkan 
            sektor E-Commerce di wilayah Surabaya. Menurut sumber dari 
            Kominfo, insiden ini 
            terjadi pada 27 March 2022. Para ahli keamanan siber 
            menyarankan masyarakat untuk meningkatkan kewaspadaan terhadap ancaman 
            serupa. Kerugian diperkirakan mencapai ratusan juta hingga miliaran rupiah.",kompas.com,2022-03-27,Penipuan Online,E-Commerce,Surabaya,negative,45,2025-12-24 12:38:01.501173
NEWS-000220,Kasus Hacking di Makassar Meningkat 88%,"Laporan terbaru menunjukkan adanya kasus Hacking yang menargetkan 
            sektor Startup di wilayah Makassar. Menurut sumber dari 
            Kepolisian, insiden ini 
            terjadi pada 19 July 2023. Para ahli keamanan siber 
            menyarankan masyarakat untuk meningkatkan kewaspadaan terhadap ancaman 
            serupa. Kerugian diperkirakan mencapai ratusan juta hingga miliaran rupiah.",kompas.com,2023-07-19,Hacking,Startup,Makassar,negative,44,2025-12-24 12:38:01.501211
NEWS-000221,Serangan Kebocoran Data Menargetkan E-Commerce di Jakarta,"Laporan terbaru menunjukkan adanya kasus Kebocoran Data yang menargetkan 
            sektor E-Commerce di wilayah Jakarta. Menurut sumber dari 
            Kepolisian, insiden ini 
            terjadi pada 22 September 2021. Para ahli keamanan siber 
            menyarankan masyarakat untuk meningkatkan kewaspadaan terhadap ancaman 
            serupa. Kerugian diperkirakan mencapai ratusan juta hingga miliaran rupiah.",kompas.com,2021-09-22,Kebocoran Data,E-Commerce,Jakarta,neutral,45,2025-12-24 12:38:01.501255
NEWS-000222,BSSN Ungkap Lonjakan Kasus Penipuan Online Sepanjang 2021,"Laporan terbaru menunjukkan adanya kasus Penipuan Online yang menargetkan 
            sektor Perbankan di wilayah Bandung. Menurut sumber dari 
            Kepolisian, insiden ini 
            terjadi pada 20 March 2021. Para ahli keamanan siber 
            menyarankan masyarakat untuk meningkatkan kewaspadaan terhadap ancaman 
            serupa. Kerugian diperkirakan mencapai ratusan juta hingga miliaran rupiah.",republika.co.id,2021-03-20,Penipuan Online,Perbankan,Bandung,negative,45,2025-12-24 12:38:01.501298
NEWS-000223,Kominfo Blokir 679 Situs Terkait Penipuan Online,"Laporan terbaru menunjukkan adanya kasus Penipuan Online yang menargetkan 
            sektor Telekomunikasi di wilayah Yogyakarta. Menurut sumber dari 
            BSSN, insiden ini 
            terjadi pada 28 January 2023. Para ahli keamanan siber 
            menyarankan masyarakat untuk meningkatkan kewaspadaan terhadap ancaman 
            serupa. Kerugian diperkirakan mencapai ratusan juta hingga miliaran rupiah.",cnnindonesia.com,2023-01-28,Penipuan Online,Telekomunikasi,Yogyakarta,positive,45,2025-12-24 12:38:01.501347
NEWS-000224,Kominfo Blokir 784 Situs Terkait Skimming,"Laporan terbaru menunjukkan adanya kasus Skimming yang menargetkan 
            sektor Pemerintahan di wilayah Surabaya. Menurut sumber dari 
            Kominfo, insiden ini 
            terjadi pada 20 August 2022. Para ahli keamanan siber 
            menyarankan masyarakat untuk meningkatkan kewaspadaan terhadap ancaman 
            serupa. Kerugian diperkirakan mencapai ratusan juta hingga miliaran rupiah.",merdeka.com,2022-08-20,Skimming,Pemerintahan,Surabaya,neutral,44,2025-12-24 12:38:01.501391
NEWS-000225,Kasus Hacking di Yogyakarta Meningkat 127%,"Laporan terbaru menunjukkan adanya kasus Hacking yang menargetkan 
            sektor UMKM di wilayah Yogyakarta. Menurut sumber dari 
            Kominfo, insiden ini 
            terjadi pada 23 November 2022. Para ahli keamanan siber 
            menyarankan masyarakat untuk meningkatkan kewaspadaan terhadap ancaman 
            serupa. Kerugian diperkirakan mencapai ratusan juta hingga miliaran rupiah.",cnnindonesia.com,2022-11-23,Hacking,UMKM,Yogyakarta,negative,44,2025-12-24 12:38:01.501447
NEWS-000226,BSSN Ungkap Lonjakan Kasus Phishing Sepanjang 2024,"Laporan terbaru menunjukkan adanya kasus Phishing yang menargetkan 
            sektor Telekomunikasi di wilayah Makassar. Menurut sumber dari 
            BSSN, insiden ini 
            terjadi pada 31 March 2024. Para ahli keamanan siber 
            menyarankan masyarakat untuk meningkatkan kewaspadaan terhadap ancaman 
            serupa. Kerugian diperkirakan mencapai ratusan juta hingga miliaran rupiah.",detik.com,2024-03-31,Phishing,Telekomunikasi,Makassar,negative,44,2025-12-24 12:38:01.501491
NEWS-000227,Tips Lindungi Data dari Phishing Menurut Pakar Keamanan,"Laporan terbaru menunjukkan adanya kasus Phishing yang menargetkan 
            sektor Fintech di wilayah Jakarta. Menurut sumber dari 
            BSSN, insiden ini 
            terjadi pada 07 October 2023. Para ahli keamanan siber 
            menyarankan masyarakat untuk meningkatkan kewaspadaan terhadap ancaman 
            serupa. Kerugian diperkirakan mencapai ratusan juta hingga miliaran rupiah.",kompas.com,2023-10-07,Phishing,Fintech,Jakarta,negative,44,2025-12-24 12:38:01.501534
NEWS-000228,Waspada! Modus Baru Kebocoran Data Melalui Media Sosial,"Laporan terbaru menunjukkan adanya kasus Kebocoran Data yang menargetkan 
            sektor Pendidikan di wilayah Makassar. Menurut sumber dari 
            BSSN, insiden ini 
            terjadi pada 07 August 2022. Para ahli keamanan siber 
            menyarankan masyarakat untuk meningkatkan kewaspadaan terhadap ancaman 
            serupa. Kerugian diperkirakan mencapai ratusan juta hingga miliaran rupiah.",tribunnews.com,2022-08-07,Kebocoran Data,Pendidikan,Makassar,negative,45,2025-12-24 12:38:01.501579
NEWS-000229,Waspada! Modus Baru Phishing Melalui SMS,"Laporan terbaru menunjukkan adanya kasus Phishing yang menargetkan 
            sektor UMKM di wilayah Makassar. Menurut sumber dari 
            Kominfo, insiden ini 
            terjadi pada 11 December 2022. Para ahli keamanan siber 
            menyarankan masyarakat untuk meningkatkan kewaspadaan terhadap ancaman 
            serupa. Kerugian diperkirakan mencapai ratusan juta hingga miliaran rupiah.",merdeka.com,2022-12-11,Phishing,UMKM,Makassar,negative,44,2025-12-24 12:38:01.501623
NEWS-000230,Polri Tangkap Pelaku Hacking yang Rugikan Korban Rp 357 Juta,"Laporan terbaru menunjukkan adanya kasus Hacking yang menargetkan 
            sektor UMKM di wilayah Semarang. Menurut sumber dari 
            Kominfo, insiden ini 
            terjadi pada 21 June 2021. Para ahli keamanan siber 
            menyarankan masyarakat untuk meningkatkan kewaspadaan terhadap ancaman 
            serupa. Kerugian diperkirakan mencapai ratusan juta hingga miliaran rupiah.",republika.co.id,2021-06-21,Hacking,UMKM,Semarang,negative,44,2025-12-24 12:38:01.501668
NEWS-000231,Kasus Penipuan Online di Surabaya Meningkat 128%,"Laporan terbaru menunjukkan adanya kasus Penipuan Online yang menargetkan 
            sektor Fintech di wilayah Surabaya. Menurut sumber dari 
            BSSN, insiden ini 
            terjadi pada 18 November 2020. Para ahli keamanan siber 
            menyarankan masyarakat untuk meningkatkan kewaspadaan terhadap ancaman 
            serupa. Kerugian diperkirakan mencapai ratusan juta hingga miliaran rupiah.",republika.co.id,2020-11-18,Penipuan Online,Fintech,Surabaya,positive,45,2025-12-24 12:38:01.501717
NEWS-000232,Kasus Skimming di Yogyakarta Meningkat 94%,"Laporan terbaru menunjukkan adanya kasus Skimming yang menargetkan 
            sektor Pemerintahan di wilayah Yogyakarta. Menurut sumber dari 
            Kepolisian, insiden ini 
            terjadi pada 31 October 2022. Para ahli keamanan siber 
            menyarankan masyarakat untuk meningkatkan kewaspadaan terhadap ancaman 
            serupa. Kerugian diperkirakan mencapai ratusan juta hingga miliaran rupiah.",detik.com,2022-10-31,Skimming,Pemerintahan,Yogyakarta,neutral,44,2025-12-24 12:38:01.501759
NEWS-000233,Polri Tangkap Pelaku Ransomware yang Rugikan Korban Rp 27 Juta,"Laporan terbaru menunjukkan adanya kasus Ransomware yang menargetkan 
            sektor UMKM di wilayah Surabaya. Menurut sumber dari 
            Kepolisian, insiden ini 
            terjadi pada 22 July 2023. Para ahli keamanan siber 
            menyarankan masyarakat untuk meningkatkan kewaspadaan terhadap ancaman 
            serupa. Kerugian diperkirakan mencapai ratusan juta hingga miliaran rupiah.",kompas.com,2023-07-22,Ransomware,UMKM,Surabaya,neutral,44,2025-12-24 12:38:01.501803
NEWS-000234,Fintech Indonesia Jadi Target Utama Skimming,"Laporan terbaru menunjukkan adanya kasus Skimming yang menargetkan 
            sektor Fintech di wilayah Bali. Menurut sumber dari 
            BSSN, insiden ini 
            terjadi pada 01 March 2024. Para ahli keamanan siber 
            menyarankan masyarakat untuk meningkatkan kewaspadaan terhadap ancaman 
            serupa. Kerugian diperkirakan mencapai ratusan juta hingga miliaran rupiah.",tribunnews.com,2024-03-01,Skimming,Fintech,Bali,positive,44,2025-12-24 12:38:01.501853
NEWS-000235,BSSN Ungkap Lonjakan Kasus Penipuan Online Sepanjang 2024,"Laporan terbaru menunjukkan adanya kasus Penipuan Online yang menargetkan 
            sektor Fintech di wilayah Makassar. Menurut sumber dari 
            Kepolisian, insiden ini 
            terjadi pada 31 March 2024. Para ahli keamanan siber 
            menyarankan masyarakat untuk meningkatkan kewaspadaan terhadap ancaman 
            serupa. Kerugian diperkirakan mencapai ratusan juta hingga miliaran rupiah.",tempo.co,2024-03-31,Penipuan Online,Fintech,Makassar,neutral,45,2025-12-24 12:38:01.501900
NEWS-000236,Kominfo Blokir 378 Situs Terkait Penipuan Online,"Laporan terbaru menunjukkan adanya kasus Penipuan Online yang menargetkan 
            sektor UMKM di wilayah Semarang. Menurut sumber dari 
            Kominfo, insiden ini 
            terjadi pada 30 March 2024. Para ahli keamanan siber 
            menyarankan masyarakat untuk meningkatkan kewaspadaan terhadap ancaman 
            serupa. Kerugian diperkirakan mencapai ratusan juta hingga miliaran rupiah.",merdeka.com,2024-03-30,Penipuan Online,UMKM,Semarang,negative,45,2025-12-24 12:38:01.501944
NEWS-000237,Tips Lindungi Data dari Social Engineering Menurut Pakar Keamanan,"Laporan terbaru menunjukkan adanya kasus Social Engineering yang menargetkan 
            sektor Fintech di wilayah Semarang. Menurut sumber dari 
            BSSN, insiden ini 
            terjadi pada 18 November 2023. Para ahli keamanan siber 
            menyarankan masyarakat untuk meningkatkan kewaspadaan terhadap ancaman 
            serupa. Kerugian diperkirakan mencapai ratusan juta hingga miliaran rupiah.",cnnindonesia.com,2023-11-18,Social Engineering,Fintech,Semarang,negative,45,2025-12-24 12:38:01.502001
NEWS-000238,Kasus Hacking di Jawa Timur Meningkat 107%,"Laporan terbaru menunjukkan adanya kasus Hacking yang menargetkan 
            sektor Kesehatan di wilayah Jawa Timur. Menurut sumber dari 
            Kepolisian, insiden ini 
            terjadi pada 27 February 2022. Para ahli keamanan siber 
            menyarankan masyarakat untuk meningkatkan kewaspadaan terhadap ancaman 
            serupa. Kerugian diperkirakan mencapai ratusan juta hingga miliaran rupiah.",tribunnews.com,2022-02-27,Hacking,Kesehatan,Jawa Timur,negative,45,2025-12-24 12:38:01.502045
NEWS-000239,Polri Tangkap Pelaku Malware yang Rugikan Korban Rp 236 Juta,"Laporan terbaru menunjukkan adanya kasus Malware yang menargetkan 
            sektor Startup di wilayah Bali. Menurut sumber dari 
            BSSN, insiden ini 
            terjadi pada 04 March 2022. Para ahli keamanan siber 
            menyarankan masyarakat untuk meningkatkan kewaspadaan terhadap ancaman 
            serupa. Kerugian diperkirakan mencapai ratusan juta hingga miliaran rupiah.",cnnindonesia.com,2022-03-04,Malware,Startup,Bali,neutral,44,2025-12-24 12:38:01.502091
NEWS-000240,Tips Lindungi Data dari DDoS Menurut Pakar Keamanan,"Laporan terbaru menunjukkan adanya kasus DDoS yang menargetkan 
            sektor UMKM di wilayah Jakarta. Menurut sumber dari 
            Kepolisian, insiden ini 
            terjadi pada 25 April 2022. Para ahli keamanan siber 
            menyarankan masyarakat untuk meningkatkan kewaspadaan terhadap ancaman 
            serupa. Kerugian diperkirakan mencapai ratusan juta hingga miliaran rupiah.",kompas.com,2022-04-25,DDoS,UMKM,Jakarta,neutral,44,2025-12-24 12:38:01.502136
NEWS-000241,Kominfo Blokir 19 Situs Terkait DDoS,"Laporan terbaru menunjukkan adanya kasus DDoS yang menargetkan 
            sektor Fintech di wilayah Jawa Barat. Menurut sumber dari 
            Kepolisian, insiden ini 
            terjadi pada 28 July 2022. Para ahli keamanan siber 
            menyarankan masyarakat untuk meningkatkan kewaspadaan terhadap ancaman 
            serupa. Kerugian diperkirakan mencapai ratusan juta hingga miliaran rupiah.",merdeka.com,2022-07-28,DDoS,Fintech,Jawa Barat,negative,45,2025-12-24 12:38:01.502188
NEWS-000242,Startup Kehilangan Data Jutaan Pengguna Akibat Penipuan Online,"Laporan terbaru menunjukkan adanya kasus Penipuan Online yang menargetkan 
            sektor Startup di wilayah Jakarta. Menurut sumber dari 
            Kepolisian, insiden ini 
            terjadi pada 08 December 2022. Para ahli keamanan siber 
            menyarankan masyarakat untuk meningkatkan kewaspadaan terhadap ancaman 
            serupa. Kerugian diperkirakan mencapai ratusan juta hingga miliaran rupiah.",liputan6.com,2022-12-08,Penipuan Online,Startup,Jakarta,negative,45,2025-12-24 12:38:01.502234
NEWS-000243,Waspada! Modus Baru Phishing Melalui SMS,"Laporan terbaru menunjukkan adanya kasus Phishing yang menargetkan 
            sektor UMKM di wilayah Yogyakarta. Menurut sumber dari 
            Kepolisian, insiden ini 
            terjadi pada 25 March 2021. Para ahli keamanan siber 
            menyarankan masyarakat untuk meningkatkan kewaspadaan terhadap ancaman 
            serupa. Kerugian diperkirakan mencapai ratusan juta hingga miliaran rupiah.",cnnindonesia.com,2021-03-25,Phishing,UMKM,Yogyakarta,negative,44,2025-12-24 12:38:01.502281
NEWS-000244,Kesehatan Kehilangan Data Jutaan Pengguna Akibat Skimming,"Laporan terbaru menunjukkan adanya kasus Skimming yang menargetkan 
            sektor Kesehatan di wilayah Semarang. Menurut sumber dari 
            Kominfo, insiden ini 
            terjadi pada 02 May 2024. Para ahli keamanan siber 
            menyarankan masyarakat untuk meningkatkan kewaspadaan terhadap ancaman 
            serupa. Kerugian diperkirakan mencapai ratusan juta hingga miliaran rupiah.",merdeka.com,2024-05-02,Skimming,Kesehatan,Semarang,negative,44,2025-12-24 12:38:01.502330
NEWS-000245,E-Commerce Indonesia Jadi Target Utama Malware,"Laporan terbaru menunjukkan adanya kasus Malware yang menargetkan 
            sektor E-Commerce di wilayah Jakarta. Menurut sumber dari 
            Kepolisian, insiden ini 
            terjadi pada 22 September 2021. Para ahli keamanan siber 
            menyarankan masyarakat untuk meningkatkan kewaspadaan terhadap ancaman 
            serupa. Kerugian diperkirakan mencapai ratusan juta hingga miliaran rupiah.",merdeka.com,2021-09-22,Malware,E-Commerce,Jakarta,negative,44,2025-12-24 12:38:01.502378
NEWS-000246,Serangan DDoS Menargetkan E-Commerce di Bali,"Laporan terbaru menunjukkan adanya kasus DDoS yang menargetkan 
            sektor E-Commerce di wilayah Bali. Menurut sumber dari 
            Kepolisian, insiden ini 
            terjadi pada 21 July 2022. Para ahli keamanan siber 
            menyarankan masyarakat untuk meningkatkan kewaspadaan terhadap ancaman 
            serupa. Kerugian diperkirakan mencapai ratusan juta hingga miliaran rupiah.",detik.com,2022-07-21,DDoS,E-Commerce,Bali,neutral,44,2025-12-24 12:38:01.502454
NEWS-000247,Serangan Kebocoran Data Menargetkan Fintech di Makassar,"Laporan terbaru menunjukkan adanya kasus Kebocoran Data yang menargetkan 
            sektor Fintech di wilayah Makassar. Menurut sumber dari 
            Kepolisian, insiden ini 
            terjadi pada 11 October 2022. Para ahli keamanan siber 
            menyarankan masyarakat untuk meningkatkan kewaspadaan terhadap ancaman 
            serupa. Kerugian diperkirakan mencapai ratusan juta hingga miliaran rupiah.",liputan6.com,2022-10-11,Kebocoran Data,Fintech,Makassar,neutral,45,2025-12-24 12:38:01.502514
NEWS-000248,Pemerintahan Kehilangan Data Jutaan Pengguna Akibat Phishing,"Laporan terbaru menunjukkan adanya kasus Phishing yang menargetkan 
            sektor Pemerintahan di wilayah Semarang. Menurut sumber dari 
            Kepolisian, insiden ini 
            terjadi pada 04 November 2022. Para ahli keamanan siber 
            menyarankan masyarakat untuk meningkatkan kewaspadaan terhadap ancaman 
            serupa. Kerugian diperkirakan mencapai ratusan juta hingga miliaran rupiah.",republika.co.id,2022-11-04,Phishing,Pemerintahan,Semarang,neutral,44,2025-12-24 12:38:01.502570
NEWS-000249,Waspada! Modus Baru DDoS Melalui Website Palsu,"Laporan terbaru menunjukkan adanya kasus DDoS yang menargetkan 
            sektor Fintech di wilayah Makassar. Menurut sumber dari 
            Kominfo, insiden ini 
            terjadi pada 19 September 2023. Para ahli keamanan siber 
            menyarankan masyarakat untuk meningkatkan kewaspadaan terhadap ancaman 
            serupa. Kerugian diperkirakan mencapai ratusan juta hingga miliaran rupiah.",republika.co.id,2023-09-19,DDoS,Fintech,Makassar,neutral,44,2025-12-24 12:38:01.502622
NEWS-000250,Kerugian Akibat Ransomware Capai Rp 28 Miliar,"Laporan terbaru menunjukkan adanya kasus Ransomware yang menargetkan 
            sektor UMKM di wilayah Semarang. Menurut sumber dari 
            BSSN, insiden ini 
            terjadi pada 09 May 2021. Para ahli keamanan siber 
            menyarankan masyarakat untuk meningkatkan kewaspadaan terhadap ancaman 
            serupa. Kerugian diperkirakan mencapai ratusan juta hingga miliaran rupiah.",tempo.co,2021-05-09,Ransomware,UMKM,Semarang,neutral,44,2025-12-24 12:38:01.502670
NEWS-000251,Pendidikan Kehilangan Data Jutaan Pengguna Akibat Hacking,"Laporan terbaru menunjukkan adanya kasus Hacking yang menargetkan 
            sektor Pendidikan di wilayah Jakarta. Menurut sumber dari 
            Kominfo, insiden ini 
            terjadi pada 27 February 2022. Para ahli keamanan siber 
            menyarankan masyarakat untuk meningkatkan kewaspadaan terhadap ancaman 
            serupa. Kerugian diperkirakan mencapai ratusan juta hingga miliaran rupiah.",tribunnews.com,2022-02-27,Hacking,Pendidikan,Jakarta,negative,44,2025-12-24 12:38:01.502723
NEWS-000252,Kominfo Blokir 97 Situs Terkait Hacking,"Laporan terbaru menunjukkan adanya kasus Hacking yang menargetkan 
            sektor Pemerintahan di wilayah Makassar. Menurut sumber dari 
            Kominfo, insiden ini 
            terjadi pada 01 August 2024. Para ahli keamanan siber 
            menyarankan masyarakat untuk meningkatkan kewaspadaan terhadap ancaman 
            serupa. Kerugian diperkirakan mencapai ratusan juta hingga miliaran rupiah.",tribunnews.com,2024-08-01,Hacking,Pemerintahan,Makassar,neutral,44,2025-12-24 12:38:01.502771
NEWS-000253,BSSN Ungkap Lonjakan Kasus Malware Sepanjang 2021,"Laporan terbaru menunjukkan adanya kasus Malware yang menargetkan 
            sektor Pemerintahan di wilayah Yogyakarta. Menurut sumber dari 
            Kominfo, insiden ini 
            terjadi pada 16 November 2021. Para ahli keamanan siber 
            menyarankan masyarakat untuk meningkatkan kewaspadaan terhadap ancaman 
            serupa. Kerugian diperkirakan mencapai ratusan juta hingga miliaran rupiah.",tempo.co,2021-11-16,Malware,Pemerintahan,Yogyakarta,negative,44,2025-12-24 12:38:01.502818
NEWS-000254,Serangan Malware Menargetkan Startup di Semarang,"Laporan terbaru menunjukkan adanya kasus Malware yang menargetkan 
            sektor Startup di wilayah Semarang. Menurut sumber dari 
            BSSN, insiden ini 
            terjadi pada 17 May 2022. Para ahli keamanan siber 
            menyarankan masyarakat untuk meningkatkan kewaspadaan terhadap ancaman 
            serupa. Kerugian diperkirakan mencapai ratusan juta hingga miliaran rupiah.",cnnindonesia.com,2022-05-17,Malware,Startup,Semarang,negative,44,2025-12-24 12:38:01.502866
NEWS-000255,Kasus Skimming di Yogyakarta Meningkat 100%,"Laporan terbaru menunjukkan adanya kasus Skimming yang menargetkan 
            sektor UMKM di wilayah Yogyakarta. Menurut sumber dari 
            Kepolisian, insiden ini 
            terjadi pada 09 February 2023. Para ahli keamanan siber 
            menyarankan masyarakat untuk meningkatkan kewaspadaan terhadap ancaman 
            serupa. Kerugian diperkirakan mencapai ratusan juta hingga miliaran rupiah.",detik.com,2023-02-09,Skimming,UMKM,Yogyakarta,negative,44,2025-12-24 12:38:01.502911
NEWS-000256,Polri Tangkap Pelaku Hacking yang Rugikan Korban Rp 212 Juta,"Laporan terbaru menunjukkan adanya kasus Hacking yang menargetkan 
            sektor Perbankan di wilayah Bandung. Menurut sumber dari 
            Kepolisian, insiden ini 
            terjadi pada 15 May 2023. Para ahli keamanan siber 
            menyarankan masyarakat untuk meningkatkan kewaspadaan terhadap ancaman 
            serupa. Kerugian diperkirakan mencapai ratusan juta hingga miliaran rupiah.",tribunnews.com,2023-05-15,Hacking,Perbankan,Bandung,negative,44,2025-12-24 12:38:01.502963
NEWS-000257,Kerugian Akibat Hacking Capai Rp 138 Miliar,"Laporan terbaru menunjukkan adanya kasus Hacking yang menargetkan 
            sektor Pemerintahan di wilayah Jawa Timur. Menurut sumber dari 
            BSSN, insiden ini 
            terjadi pada 12 August 2022. Para ahli keamanan siber 
            menyarankan masyarakat untuk meningkatkan kewaspadaan terhadap ancaman 
            serupa. Kerugian diperkirakan mencapai ratusan juta hingga miliaran rupiah.",detik.com,2022-08-12,Hacking,Pemerintahan,Jawa Timur,negative,45,2025-12-24 12:38:01.503018
NEWS-000258,Waspada! Modus Baru Hacking Melalui Email,"Laporan terbaru menunjukkan adanya kasus Hacking yang menargetkan 
            sektor Kesehatan di wilayah Bali. Menurut sumber dari 
            BSSN, insiden ini 
            terjadi pada 03 September 2023. Para ahli keamanan siber 
            menyarankan masyarakat untuk meningkatkan kewaspadaan terhadap ancaman 
            serupa. Kerugian diperkirakan mencapai ratusan juta hingga miliaran rupiah.",merdeka.com,2023-09-03,Hacking,Kesehatan,Bali,negative,44,2025-12-24 12:38:01.503068
NEWS-000259,E-Commerce Indonesia Jadi Target Utama Penipuan Online,"Laporan terbaru menunjukkan adanya kasus Penipuan Online yang menargetkan 
            sektor E-Commerce di wilayah Jawa Timur. Menurut sumber dari 
            Kominfo, insiden ini 
            terjadi pada 23 January 2023. Para ahli keamanan siber 
            menyarankan masyarakat untuk meningkatkan kewaspadaan terhadap ancaman 
            serupa. Kerugian diperkirakan mencapai ratusan juta hingga miliaran rupiah.",republika.co.id,2023-01-23,Penipuan Online,E-Commerce,Jawa Timur,neutral,46,2025-12-24 12:38:01.503118
NEWS-000260,Polri Tangkap Pelaku Penipuan Online yang Rugikan Korban Rp 418 Juta,"Laporan terbaru menunjukkan adanya kasus Penipuan Online yang menargetkan 
            sektor Pendidikan di wilayah Yogyakarta. Menurut sumber dari 
            Kepolisian, insiden ini 
            terjadi pada 22 August 2021. Para ahli keamanan siber 
            menyarankan masyarakat untuk meningkatkan kewaspadaan terhadap ancaman 
            serupa. Kerugian diperkirakan mencapai ratusan juta hingga miliaran rupiah.",tribunnews.com,2021-08-22,Penipuan Online,Pendidikan,Yogyakarta,negative,45,2025-12-24 12:38:01.503213
NEWS-000261,Kerugian Akibat Hacking Capai Rp 377 Miliar,"Laporan terbaru menunjukkan adanya kasus Hacking yang menargetkan 
            sektor Pendidikan di wilayah Bandung. Menurut sumber dari 
            BSSN, insiden ini 
            terjadi pada 19 September 2021. Para ahli keamanan siber 
            menyarankan masyarakat untuk meningkatkan kewaspadaan terhadap ancaman 
            serupa. Kerugian diperkirakan mencapai ratusan juta hingga miliaran rupiah.",tempo.co,2021-09-19,Hacking,Pendidikan,Bandung,negative,44,2025-12-24 12:38:01.503269
NEWS-000262,Kominfo Blokir 708 Situs Terkait Social Engineering,"Laporan terbaru menunjukkan adanya kasus Social Engineering yang menargetkan 
            sektor E-Commerce di wilayah Makassar. Menurut sumber dari 
            BSSN, insiden ini 
            terjadi pada 04 April 2023. Para ahli keamanan siber 
            menyarankan masyarakat untuk meningkatkan kewaspadaan terhadap ancaman 
            serupa. Kerugian diperkirakan mencapai ratusan juta hingga miliaran rupiah.",merdeka.com,2023-04-04,Social Engineering,E-Commerce,Makassar,neutral,45,2025-12-24 12:38:01.503319
NEWS-000263,Kesehatan Indonesia Jadi Target Utama Penipuan Online,"Laporan terbaru menunjukkan adanya kasus Penipuan Online yang menargetkan 
            sektor Kesehatan di wilayah Jawa Barat. Menurut sumber dari 
            BSSN, insiden ini 
            terjadi pada 08 April 2022. Para ahli keamanan siber 
            menyarankan masyarakat untuk meningkatkan kewaspadaan terhadap ancaman 
            serupa. Kerugian diperkirakan mencapai ratusan juta hingga miliaran rupiah.",liputan6.com,2022-04-08,Penipuan Online,Kesehatan,Jawa Barat,negative,46,2025-12-24 12:38:01.503368
NEWS-000264,Kerugian Akibat Hacking Capai Rp 230 Miliar,"Laporan terbaru menunjukkan adanya kasus Hacking yang menargetkan 
            sektor Telekomunikasi di wilayah Jawa Barat. Menurut sumber dari 
            Kepolisian, insiden ini 
            terjadi pada 31 October 2023. Para ahli keamanan siber 
            menyarankan masyarakat untuk meningkatkan kewaspadaan terhadap ancaman 
            serupa. Kerugian diperkirakan mencapai ratusan juta hingga miliaran rupiah.",republika.co.id,2023-10-31,Hacking,Telekomunikasi,Jawa Barat,negative,45,2025-12-24 12:38:01.503434
NEWS-000265,Polri Tangkap Pelaku Skimming yang Rugikan Korban Rp 394 Juta,"Laporan terbaru menunjukkan adanya kasus Skimming yang menargetkan 
            sektor E-Commerce di wilayah Jawa Barat. Menurut sumber dari 
            Kominfo, insiden ini 
            terjadi pada 15 December 2021. Para ahli keamanan siber 
            menyarankan masyarakat untuk meningkatkan kewaspadaan terhadap ancaman 
            serupa. Kerugian diperkirakan mencapai ratusan juta hingga miliaran rupiah.",cnnindonesia.com,2021-12-15,Skimming,E-Commerce,Jawa Barat,neutral,45,2025-12-24 12:38:01.503487
NEWS-000266,Serangan Hacking Menargetkan Pendidikan di Yogyakarta,"Laporan terbaru menunjukkan adanya kasus Hacking yang menargetkan 
            sektor Pendidikan di wilayah Yogyakarta. Menurut sumber dari 
            BSSN, insiden ini 
            terjadi pada 15 January 2024. Para ahli keamanan siber 
            menyarankan masyarakat untuk meningkatkan kewaspadaan terhadap ancaman 
            serupa. Kerugian diperkirakan mencapai ratusan juta hingga miliaran rupiah.",tribunnews.com,2024-01-15,Hacking,Pendidikan,Yogyakarta,negative,44,2025-12-24 12:38:01.503539
NEWS-000267,Kominfo Blokir 504 Situs Terkait Penipuan Online,"Laporan terbaru menunjukkan adanya kasus Penipuan Online yang menargetkan 
            sektor UMKM di wilayah Jawa Timur. Menurut sumber dari 
            Kominfo, insiden ini 
            terjadi pada 11 August 2022. Para ahli keamanan siber 
            menyarankan masyarakat untuk meningkatkan kewaspadaan terhadap ancaman 
            serupa. Kerugian diperkirakan mencapai ratusan juta hingga miliaran rupiah.",republika.co.id,2022-08-11,Penipuan Online,UMKM,Jawa Timur,neutral,46,2025-12-24 12:38:01.503590
NEWS-000268,BSSN Ungkap Lonjakan Kasus Ransomware Sepanjang 2024,"Laporan terbaru menunjukkan adanya kasus Ransomware yang menargetkan 
            sektor Pemerintahan di wilayah Semarang. Menurut sumber dari 
            Kepolisian, insiden ini 
            terjadi pada 27 July 2024. Para ahli keamanan siber 
            menyarankan masyarakat untuk meningkatkan kewaspadaan terhadap ancaman 
            serupa. Kerugian diperkirakan mencapai ratusan juta hingga miliaran rupiah.",merdeka.com,2024-07-27,Ransomware,Pemerintahan,Semarang,negative,44,2025-12-24 12:38:01.503649
NEWS-000269,BSSN Ungkap Lonjakan Kasus Penipuan Online Sepanjang 2023,"Laporan terbaru menunjukkan adanya kasus Penipuan Online yang menargetkan 
            sektor Startup di wilayah Semarang. Menurut sumber dari 
            BSSN, insiden ini 
            terjadi pada 05 January 2023. Para ahli keamanan siber 
            menyarankan masyarakat untuk meningkatkan kewaspadaan terhadap ancaman 
            serupa. Kerugian diperkirakan mencapai ratusan juta hingga miliaran rupiah.",kompas.com,2023-01-05,Penipuan Online,Startup,Semarang,neutral,45,2025-12-24 12:38:01.503697
NEWS-000270,BSSN Ungkap Lonjakan Kasus DDoS Sepanjang 2023,"Laporan terbaru menunjukkan adanya kasus DDoS yang menargetkan 
            sektor Fintech di wilayah Medan. Menurut sumber dari 
            Kominfo, insiden ini 
            terjadi pada 27 August 2023. Para ahli keamanan siber 
            menyarankan masyarakat untuk meningkatkan kewaspadaan terhadap ancaman 
            serupa. Kerugian diperkirakan mencapai ratusan juta hingga miliaran rupiah.",merdeka.com,2023-08-27,DDoS,Fintech,Medan,negative,44,2025-12-24 12:38:01.503746
NEWS-000271,Kominfo Blokir 765 Situs Terkait DDoS,"Laporan terbaru menunjukkan adanya kasus DDoS yang menargetkan 
            sektor Pemerintahan di wilayah Yogyakarta. Menurut sumber dari 
            BSSN, insiden ini 
            terjadi pada 26 April 2022. Para ahli keamanan siber 
            menyarankan masyarakat untuk meningkatkan kewaspadaan terhadap ancaman 
            serupa. Kerugian diperkirakan mencapai ratusan juta hingga miliaran rupiah.",merdeka.com,2022-04-26,DDoS,Pemerintahan,Yogyakarta,negative,44,2025-12-24 12:38:01.503799
NEWS-000272,Kominfo Blokir 601 Situs Terkait Phishing,"Laporan terbaru menunjukkan adanya kasus Phishing yang menargetkan 
            sektor Fintech di wilayah Surabaya. Menurut sumber dari 
            Kepolisian, insiden ini 
            terjadi pada 21 August 2020. Para ahli keamanan siber 
            menyarankan masyarakat untuk meningkatkan kewaspadaan terhadap ancaman 
            serupa. Kerugian diperkirakan mencapai ratusan juta hingga miliaran rupiah.",cnnindonesia.com,2020-08-21,Phishing,Fintech,Surabaya,negative,44,2025-12-24 12:38:01.503849
NEWS-000273,E-Commerce Indonesia Jadi Target Utama Penipuan Online,"Laporan terbaru menunjukkan adanya kasus Penipuan Online yang menargetkan 
            sektor E-Commerce di wilayah Bandung. Menurut sumber dari 
            Kominfo, insiden ini 
            terjadi pada 07 October 2022. Para ahli keamanan siber 
            menyarankan masyarakat untuk meningkatkan kewaspadaan terhadap ancaman 
            serupa. Kerugian diperkirakan mencapai ratusan juta hingga miliaran rupiah.",republika.co.id,2022-10-07,Penipuan Online,E-Commerce,Bandung,neutral,45,2025-12-24 12:38:01.503896
NEWS-000274,Pendidikan Kehilangan Data Jutaan Pengguna Akibat Ransomware,"Laporan terbaru menunjukkan adanya kasus Ransomware yang menargetkan 
            sektor Pendidikan di wilayah Semarang. Menurut sumber dari 
            Kepolisian, insiden ini 
            terjadi pada 26 March 2022. Para ahli keamanan siber 
            menyarankan masyarakat untuk meningkatkan kewaspadaan terhadap ancaman 
            serupa. Kerugian diperkirakan mencapai ratusan juta hingga miliaran rupiah.",liputan6.com,2022-03-26,Ransomware,Pendidikan,Semarang,neutral,44,2025-12-24 12:38:01.503943
NEWS-000275,Pemerintahan Kehilangan Data Jutaan Pengguna Akibat Ransomware,"Laporan terbaru menunjukkan adanya kasus Ransomware yang menargetkan 
            sektor Pemerintahan di wilayah Semarang. Menurut sumber dari 
            BSSN, insiden ini 
            terjadi pada 22 May 2022. Para ahli keamanan siber 
            menyarankan masyarakat untuk meningkatkan kewaspadaan terhadap ancaman 
            serupa. Kerugian diperkirakan mencapai ratusan juta hingga miliaran rupiah.",tempo.co,2022-05-22,Ransomware,Pemerintahan,Semarang,neutral,44,2025-12-24 12:38:01.503990
NEWS-000276,Kasus Hacking di Makassar Meningkat 57%,"Laporan terbaru menunjukkan adanya kasus Hacking yang menargetkan 
            sektor Telekomunikasi di wilayah Makassar. Menurut sumber dari 
            Kominfo, insiden ini 
            terjadi pada 17 November 2020. Para ahli keamanan siber 
            menyarankan masyarakat untuk meningkatkan kewaspadaan terhadap ancaman 
            serupa. Kerugian diperkirakan mencapai ratusan juta hingga miliaran rupiah.",cnnindonesia.com,2020-11-17,Hacking,Telekomunikasi,Makassar,negative,44,2025-12-24 12:38:01.504039
NEWS-000277,Tips Lindungi Data dari Malware Menurut Pakar Keamanan,"Laporan terbaru menunjukkan adanya kasus Malware yang menargetkan 
            sektor Pemerintahan di wilayah Jawa Timur. Menurut sumber dari 
            Kominfo, insiden ini 
            terjadi pada 22 October 2023. Para ahli keamanan siber 
            menyarankan masyarakat untuk meningkatkan kewaspadaan terhadap ancaman 
            serupa. Kerugian diperkirakan mencapai ratusan juta hingga miliaran rupiah.",kompas.com,2023-10-22,Malware,Pemerintahan,Jawa Timur,negative,45,2025-12-24 12:38:01.504090
NEWS-000278,UMKM Indonesia Jadi Target Utama Hacking,"Laporan terbaru menunjukkan adanya kasus Hacking yang menargetkan 
            sektor UMKM di wilayah Medan. Menurut sumber dari 
            Kominfo, insiden ini 
            terjadi pada 28 August 2024. Para ahli keamanan siber 
            menyarankan masyarakat untuk meningkatkan kewaspadaan terhadap ancaman 
            serupa. Kerugian diperkirakan mencapai ratusan juta hingga miliaran rupiah.",republika.co.id,2024-08-28,Hacking,UMKM,Medan,neutral,44,2025-12-24 12:38:01.504138
NEWS-000279,Tips Lindungi Data dari Penipuan Online Menurut Pakar Keamanan,"Laporan terbaru menunjukkan adanya kasus Penipuan Online yang menargetkan 
            sektor Pemerintahan di wilayah Jawa Barat. Menurut sumber dari 
            Kominfo, insiden ini 
            terjadi pada 01 December 2024. Para ahli keamanan siber 
            menyarankan masyarakat untuk meningkatkan kewaspadaan terhadap ancaman 
            serupa. Kerugian diperkirakan mencapai ratusan juta hingga miliaran rupiah.",kompas.com,2024-12-01,Penipuan Online,Pemerintahan,Jawa Barat,negative,46,2025-12-24 12:38:01.504191
NEWS-000280,Kasus Malware di Bali Meningkat 140%,"Laporan terbaru menunjukkan adanya kasus Malware yang menargetkan 
            sektor Pemerintahan di wilayah Bali. Menurut sumber dari 
            BSSN, insiden ini 
            terjadi pada 28 February 2023. Para ahli keamanan siber 
            menyarankan masyarakat untuk meningkatkan kewaspadaan terhadap ancaman 
            serupa. Kerugian diperkirakan mencapai ratusan juta hingga miliaran rupiah.",detik.com,2023-02-28,Malware,Pemerintahan,Bali,negative,44,2025-12-24 12:38:01.504245
NEWS-000281,Kasus Social Engineering di Jakarta Meningkat 65%,"Laporan terbaru menunjukkan adanya kasus Social Engineering yang menargetkan 
            sektor UMKM di wilayah Jakarta. Menurut sumber dari 
            Kominfo, insiden ini 
            terjadi pada 07 December 2021. Para ahli keamanan siber 
            menyarankan masyarakat untuk meningkatkan kewaspadaan terhadap ancaman 
            serupa. Kerugian diperkirakan mencapai ratusan juta hingga miliaran rupiah.",detik.com,2021-12-07,Social Engineering,UMKM,Jakarta,neutral,45,2025-12-24 12:38:01.504300
NEWS-000282,Perbankan Indonesia Jadi Target Utama Malware,"Laporan terbaru menunjukkan adanya kasus Malware yang menargetkan 
            sektor Perbankan di wilayah Bali. Menurut sumber dari 
            Kominfo, insiden ini 
            terjadi pada 19 March 2024. Para ahli keamanan siber 
            menyarankan masyarakat untuk meningkatkan kewaspadaan terhadap ancaman 
            serupa. Kerugian diperkirakan mencapai ratusan juta hingga miliaran rupiah.",detik.com,2024-03-19,Malware,Perbankan,Bali,neutral,44,2025-12-24 12:38:01.504348
NEWS-000283,Pendidikan Indonesia Jadi Target Utama Kebocoran Data,"Laporan terbaru menunjukkan adanya kasus Kebocoran Data yang menargetkan 
            sektor Pendidikan di wilayah Makassar. Menurut sumber dari 
            BSSN, insiden ini 
            terjadi pada 10 September 2022. Para ahli keamanan siber 
            menyarankan masyarakat untuk meningkatkan kewaspadaan terhadap ancaman 
            serupa. Kerugian diperkirakan mencapai ratusan juta hingga miliaran rupiah.",tribunnews.com,2022-09-10,Kebocoran Data,Pendidikan,Makassar,neutral,45,2025-12-24 12:38:01.504409
NEWS-000284,Serangan Social Engineering Menargetkan UMKM di Bandung,"Laporan terbaru menunjukkan adanya kasus Social Engineering yang menargetkan 
            sektor UMKM di wilayah Bandung. Menurut sumber dari 
            Kominfo, insiden ini 
            terjadi pada 10 July 2023. Para ahli keamanan siber 
            menyarankan masyarakat untuk meningkatkan kewaspadaan terhadap ancaman 
            serupa. Kerugian diperkirakan mencapai ratusan juta hingga miliaran rupiah.",liputan6.com,2023-07-10,Social Engineering,UMKM,Bandung,negative,45,2025-12-24 12:38:01.504458
NEWS-000285,Kasus Ransomware di Yogyakarta Meningkat 177%,"Laporan terbaru menunjukkan adanya kasus Ransomware yang menargetkan 
            sektor Pemerintahan di wilayah Yogyakarta. Menurut sumber dari 
            BSSN, insiden ini 
            terjadi pada 02 March 2022. Para ahli keamanan siber 
            menyarankan masyarakat untuk meningkatkan kewaspadaan terhadap ancaman 
            serupa. Kerugian diperkirakan mencapai ratusan juta hingga miliaran rupiah.",cnnindonesia.com,2022-03-02,Ransomware,Pemerintahan,Yogyakarta,negative,44,2025-12-24 12:38:01.504509
NEWS-000286,Polri Tangkap Pelaku Kebocoran Data yang Rugikan Korban Rp 73 Juta,"Laporan terbaru menunjukkan adanya kasus Kebocoran Data yang menargetkan 
            sektor Telekomunikasi di wilayah Bali. Menurut sumber dari 
            Kominfo, insiden ini 
            terjadi pada 04 October 2021. Para ahli keamanan siber 
            menyarankan masyarakat untuk meningkatkan kewaspadaan terhadap ancaman 
            serupa. Kerugian diperkirakan mencapai ratusan juta hingga miliaran rupiah.",merdeka.com,2021-10-04,Kebocoran Data,Telekomunikasi,Bali,negative,45,2025-12-24 12:38:01.504559
NEWS-000287,BSSN Ungkap Lonjakan Kasus Hacking Sepanjang 2023,"Laporan terbaru menunjukkan adanya kasus Hacking yang menargetkan 
            sektor UMKM di wilayah Bandung. Menurut sumber dari 
            Kominfo, insiden ini 
            terjadi pada 22 February 2023. Para ahli keamanan siber 
            menyarankan masyarakat untuk meningkatkan kewaspadaan terhadap ancaman 
            serupa. Kerugian diperkirakan mencapai ratusan juta hingga miliaran rupiah.",kompas.com,2023-02-22,Hacking,UMKM,Bandung,neutral,44,2025-12-24 12:38:01.504608
NEWS-000288,BSSN Ungkap Lonjakan Kasus Penipuan Online Sepanjang 2023,"Laporan terbaru menunjukkan adanya kasus Penipuan Online yang menargetkan 
            sektor Pendidikan di wilayah Jawa Barat. Menurut sumber dari 
            BSSN, insiden ini 
            terjadi pada 21 September 2023. Para ahli keamanan siber 
            menyarankan masyarakat untuk meningkatkan kewaspadaan terhadap ancaman 
            serupa. Kerugian diperkirakan mencapai ratusan juta hingga miliaran rupiah.",merdeka.com,2023-09-21,Penipuan Online,Pendidikan,Jawa Barat,negative,46,2025-12-24 12:38:01.504656
NEWS-000289,Waspada! Modus Baru Social Engineering Melalui QR Code,"Laporan terbaru menunjukkan adanya kasus Social Engineering yang menargetkan 
            sektor UMKM di wilayah Makassar. Menurut sumber dari 
            Kepolisian, insiden ini 
            terjadi pada 17 January 2023. Para ahli keamanan siber 
            menyarankan masyarakat untuk meningkatkan kewaspadaan terhadap ancaman 
            serupa. Kerugian diperkirakan mencapai ratusan juta hingga miliaran rupiah.",kompas.com,2023-01-17,Social Engineering,UMKM,Makassar,negative,45,2025-12-24 12:38:01.504705
NEWS-000290,Tips Lindungi Data dari Phishing Menurut Pakar Keamanan,"Laporan terbaru menunjukkan adanya kasus Phishing yang menargetkan 
            sektor E-Commerce di wilayah Jawa Timur. Menurut sumber dari 
            BSSN, insiden ini 
            terjadi pada 17 September 2023. Para ahli keamanan siber 
            menyarankan masyarakat untuk meningkatkan kewaspadaan terhadap ancaman 
            serupa. Kerugian diperkirakan mencapai ratusan juta hingga miliaran rupiah.",cnnindonesia.com,2023-09-17,Phishing,E-Commerce,Jawa Timur,neutral,45,2025-12-24 12:38:01.504754
NEWS-000291,Waspada! Modus Baru DDoS Melalui Media Sosial,"Laporan terbaru menunjukkan adanya kasus DDoS yang menargetkan 
            sektor Kesehatan di wilayah Jawa Barat. Menurut sumber dari 
            Kominfo, insiden ini 
            terjadi pada 02 December 2023. Para ahli keamanan siber 
            menyarankan masyarakat untuk meningkatkan kewaspadaan terhadap ancaman 
            serupa. Kerugian diperkirakan mencapai ratusan juta hingga miliaran rupiah.",cnnindonesia.com,2023-12-02,DDoS,Kesehatan,Jawa Barat,negative,45,2025-12-24 12:38:01.504815
NEWS-000292,Waspada! Modus Baru Kebocoran Data Melalui Email,"Laporan terbaru menunjukkan adanya kasus Kebocoran Data yang menargetkan 
            sektor Telekomunikasi di wilayah Jawa Barat. Menurut sumber dari 
            Kominfo, insiden ini 
            terjadi pada 10 November 2022. Para ahli keamanan siber 
            menyarankan masyarakat untuk meningkatkan kewaspadaan terhadap ancaman 
            serupa. Kerugian diperkirakan mencapai ratusan juta hingga miliaran rupiah.",detik.com,2022-11-10,Kebocoran Data,Telekomunikasi,Jawa Barat,negative,46,2025-12-24 12:38:01.504863
NEWS-000293,Startup Indonesia Jadi Target Utama Skimming,"Laporan terbaru menunjukkan adanya kasus Skimming yang menargetkan 
            sektor Startup di wilayah Jakarta. Menurut sumber dari 
            Kominfo, insiden ini 
            terjadi pada 12 December 2023. Para ahli keamanan siber 
            menyarankan masyarakat untuk meningkatkan kewaspadaan terhadap ancaman 
            serupa. Kerugian diperkirakan mencapai ratusan juta hingga miliaran rupiah.",cnnindonesia.com,2023-12-12,Skimming,Startup,Jakarta,negative,44,2025-12-24 12:38:01.504918
NEWS-000294,E-Commerce Indonesia Jadi Target Utama Hacking,"Laporan terbaru menunjukkan adanya kasus Hacking yang menargetkan 
            sektor E-Commerce di wilayah Jawa Barat. Menurut sumber dari 
            BSSN, insiden ini 
            terjadi pada 26 September 2023. Para ahli keamanan siber 
            menyarankan masyarakat untuk meningkatkan kewaspadaan terhadap ancaman 
            serupa. Kerugian diperkirakan mencapai ratusan juta hingga miliaran rupiah.",republika.co.id,2023-09-26,Hacking,E-Commerce,Jawa Barat,neutral,45,2025-12-24 12:38:01.504966
NEWS-000295,Kerugian Akibat DDoS Capai Rp 289 Miliar,"Laporan terbaru menunjukkan adanya kasus DDoS yang menargetkan 
            sektor E-Commerce di wilayah Medan. Menurut sumber dari 
            BSSN, insiden ini 
            terjadi pada 04 November 2022. Para ahli keamanan siber 
            menyarankan masyarakat untuk meningkatkan kewaspadaan terhadap ancaman 
            serupa. Kerugian diperkirakan mencapai ratusan juta hingga miliaran rupiah.",merdeka.com,2022-11-04,DDoS,E-Commerce,Medan,negative,44,2025-12-24 12:38:01.505014
NEWS-000296,Telekomunikasi Indonesia Jadi Target Utama DDoS,"Laporan terbaru menunjukkan adanya kasus DDoS yang menargetkan 
            sektor Telekomunikasi di wilayah Makassar. Menurut sumber dari 
            BSSN, insiden ini 
            terjadi pada 20 July 2024. Para ahli keamanan siber 
            menyarankan masyarakat untuk meningkatkan kewaspadaan terhadap ancaman 
            serupa. Kerugian diperkirakan mencapai ratusan juta hingga miliaran rupiah.",detik.com,2024-07-20,DDoS,Telekomunikasi,Makassar,negative,44,2025-12-24 12:38:01.505066
NEWS-000297,BSSN Ungkap Lonjakan Kasus Hacking Sepanjang 2021,"Laporan terbaru menunjukkan adanya kasus Hacking yang menargetkan 
            sektor Pendidikan di wilayah Yogyakarta. Menurut sumber dari 
            Kepolisian, insiden ini 
            terjadi pada 16 February 2021. Para ahli keamanan siber 
            menyarankan masyarakat untuk meningkatkan kewaspadaan terhadap ancaman 
            serupa. Kerugian diperkirakan mencapai ratusan juta hingga miliaran rupiah.",detik.com,2021-02-16,Hacking,Pendidikan,Yogyakarta,negative,44,2025-12-24 12:38:01.505115
NEWS-000298,Perbankan Kehilangan Data Jutaan Pengguna Akibat Malware,"Laporan terbaru menunjukkan adanya kasus Malware yang menargetkan 
            sektor Perbankan di wilayah Bandung. Menurut sumber dari 
            Kominfo, insiden ini 
            terjadi pada 09 February 2022. Para ahli keamanan siber 
            menyarankan masyarakat untuk meningkatkan kewaspadaan terhadap ancaman 
            serupa. Kerugian diperkirakan mencapai ratusan juta hingga miliaran rupiah.",kompas.com,2022-02-09,Malware,Perbankan,Bandung,neutral,44,2025-12-24 12:38:01.505165
NEWS-000299,Telekomunikasi Indonesia Jadi Target Utama Penipuan Online,"Laporan terbaru menunjukkan adanya kasus Penipuan Online yang menargetkan 
            sektor Telekomunikasi di wilayah Jawa Barat. Menurut sumber dari 
            BSSN, insiden ini 
            terjadi pada 12 October 2023. Para ahli keamanan siber 
            menyarankan masyarakat untuk meningkatkan kewaspadaan terhadap ancaman 
            serupa. Kerugian diperkirakan mencapai ratusan juta hingga miliaran rupiah.",kompas.com,2023-10-12,Penipuan Online,Telekomunikasi,Jawa Barat,positive,46,2025-12-24 12:38:01.505217
NEWS-000300,Polri Tangkap Pelaku DDoS yang Rugikan Korban Rp 216 Juta,"Laporan terbaru menunjukkan adanya kasus DDoS yang menargetkan 
            sektor Telekomunikasi di wilayah Makassar. Menurut sumber dari 
            BSSN, insiden ini 
            terjadi pada 19 September 2024. Para ahli keamanan siber 
            menyarankan masyarakat untuk meningkatkan kewaspadaan terhadap ancaman 
            serupa. Kerugian diperkirakan mencapai ratusan juta hingga miliaran rupiah.",merdeka.com,2024-09-19,DDoS,Telekomunikasi,Makassar,positive,44,2025-12-24 12:38:01.505273
NEWS-000301,BSSN Ungkap Lonjakan Kasus Phishing Sepanjang 2022,"Laporan terbaru menunjukkan adanya kasus Phishing yang menargetkan 
            sektor E-Commerce di wilayah Jakarta. Menurut sumber dari 
            Kominfo, insiden ini 
            terjadi pada 28 October 2022. Para ahli keamanan siber 
            menyarankan masyarakat untuk meningkatkan kewaspadaan terhadap ancaman 
            serupa. Kerugian diperkirakan mencapai ratusan juta hingga miliaran rupiah.",liputan6.com,2022-10-28,Phishing,E-Commerce,Jakarta,neutral,44,2025-12-24 12:38:01.505343
NEWS-000302,Kasus Hacking di Yogyakarta Meningkat 31%,"Laporan terbaru menunjukkan adanya kasus Hacking yang menargetkan 
            sektor Telekomunikasi di wilayah Yogyakarta. Menurut sumber dari 
            Kominfo, insiden ini 
            terjadi pada 04 February 2023. Para ahli keamanan siber 
            menyarankan masyarakat untuk meningkatkan kewaspadaan terhadap ancaman 
            serupa. Kerugian diperkirakan mencapai ratusan juta hingga miliaran rupiah.",detik.com,2023-02-04,Hacking,Telekomunikasi,Yogyakarta,negative,44,2025-12-24 12:38:01.505419
NEWS-000303,UMKM Indonesia Jadi Target Utama DDoS,"Laporan terbaru menunjukkan adanya kasus DDoS yang menargetkan 
            sektor UMKM di wilayah Semarang. Menurut sumber dari 
            Kominfo, insiden ini 
            terjadi pada 13 October 2021. Para ahli keamanan siber 
            menyarankan masyarakat untuk meningkatkan kewaspadaan terhadap ancaman 
            serupa. Kerugian diperkirakan mencapai ratusan juta hingga miliaran rupiah.",tribunnews.com,2021-10-13,DDoS,UMKM,Semarang,negative,44,2025-12-24 12:38:01.505477
NEWS-000304,BSSN Ungkap Lonjakan Kasus Hacking Sepanjang 2023,"Laporan terbaru menunjukkan adanya kasus Hacking yang menargetkan 
            sektor E-Commerce di wilayah Bali. Menurut sumber dari 
            Kepolisian, insiden ini 
            terjadi pada 22 November 2023. Para ahli keamanan siber 
            menyarankan masyarakat untuk meningkatkan kewaspadaan terhadap ancaman 
            serupa. Kerugian diperkirakan mencapai ratusan juta hingga miliaran rupiah.",cnnindonesia.com,2023-11-22,Hacking,E-Commerce,Bali,negative,44,2025-12-24 12:38:01.505531
NEWS-000305,Kerugian Akibat Phishing Capai Rp 488 Miliar,"Laporan terbaru menunjukkan adanya kasus Phishing yang menargetkan 
            sektor Pemerintahan di wilayah Bali. Menurut sumber dari 
            Kepolisian, insiden ini 
            terjadi pada 08 July 2023. Para ahli keamanan siber 
            menyarankan masyarakat untuk meningkatkan kewaspadaan terhadap ancaman 
            serupa. Kerugian diperkirakan mencapai ratusan juta hingga miliaran rupiah.",liputan6.com,2023-07-08,Phishing,Pemerintahan,Bali,negative,44,2025-12-24 12:38:01.505587
NEWS-000306,Kerugian Akibat Malware Capai Rp 172 Miliar,"Laporan terbaru menunjukkan adanya kasus Malware yang menargetkan 
            sektor E-Commerce di wilayah Jakarta. Menurut sumber dari 
            BSSN, insiden ini 
            terjadi pada 31 October 2023. Para ahli keamanan siber 
            menyarankan masyarakat untuk meningkatkan kewaspadaan terhadap ancaman 
            serupa. Kerugian diperkirakan mencapai ratusan juta hingga miliaran rupiah.",liputan6.com,2023-10-31,Malware,E-Commerce,Jakarta,neutral,44,2025-12-24 12:38:01.505643
NEWS-000307,Startup Kehilangan Data Jutaan Pengguna Akibat Ransomware,"Laporan terbaru menunjukkan adanya kasus Ransomware yang menargetkan 
            sektor Startup di wilayah Bali. Menurut sumber dari 
            Kepolisian, insiden ini 
            terjadi pada 08 April 2023. Para ahli keamanan siber 
            menyarankan masyarakat untuk meningkatkan kewaspadaan terhadap ancaman 
            serupa. Kerugian diperkirakan mencapai ratusan juta hingga miliaran rupiah.",cnnindonesia.com,2023-04-08,Ransomware,Startup,Bali,negative,44,2025-12-24 12:38:01.505698
NEWS-000308,Waspada! Modus Baru Ransomware Melalui WhatsApp,"Laporan terbaru menunjukkan adanya kasus Ransomware yang menargetkan 
            sektor E-Commerce di wilayah Surabaya. Menurut sumber dari 
            BSSN, insiden ini 
            terjadi pada 06 October 2023. Para ahli keamanan siber 
            menyarankan masyarakat untuk meningkatkan kewaspadaan terhadap ancaman 
            serupa. Kerugian diperkirakan mencapai ratusan juta hingga miliaran rupiah.",kompas.com,2023-10-06,Ransomware,E-Commerce,Surabaya,negative,44,2025-12-24 12:38:01.505753
NEWS-000309,Kominfo Blokir 239 Situs Terkait DDoS,"Laporan terbaru menunjukkan adanya kasus DDoS yang menargetkan 
            sektor Pemerintahan di wilayah Jakarta. Menurut sumber dari 
            BSSN, insiden ini 
            terjadi pada 05 December 2022. Para ahli keamanan siber 
            menyarankan masyarakat untuk meningkatkan kewaspadaan terhadap ancaman 
            serupa. Kerugian diperkirakan mencapai ratusan juta hingga miliaran rupiah.",republika.co.id,2022-12-05,DDoS,Pemerintahan,Jakarta,neutral,44,2025-12-24 12:38:01.505810
NEWS-000310,Polri Tangkap Pelaku Malware yang Rugikan Korban Rp 191 Juta,"Laporan terbaru menunjukkan adanya kasus Malware yang menargetkan 
            sektor E-Commerce di wilayah Makassar. Menurut sumber dari 
            BSSN, insiden ini 
            terjadi pada 23 December 2022. Para ahli keamanan siber 
            menyarankan masyarakat untuk meningkatkan kewaspadaan terhadap ancaman 
            serupa. Kerugian diperkirakan mencapai ratusan juta hingga miliaran rupiah.",cnnindonesia.com,2022-12-23,Malware,E-Commerce,Makassar,negative,44,2025-12-24 12:38:01.505868
NEWS-000311,Kasus Phishing di Jawa Barat Meningkat 82%,"Laporan terbaru menunjukkan adanya kasus Phishing yang menargetkan 
            sektor Telekomunikasi di wilayah Jawa Barat. Menurut sumber dari 
            Kominfo, insiden ini 
            terjadi pada 20 June 2023. Para ahli keamanan siber 
            menyarankan masyarakat untuk meningkatkan kewaspadaan terhadap ancaman 
            serupa. Kerugian diperkirakan mencapai ratusan juta hingga miliaran rupiah.",tempo.co,2023-06-20,Phishing,Telekomunikasi,Jawa Barat,negative,45,2025-12-24 12:38:01.505930
NEWS-000312,Tips Lindungi Data dari Phishing Menurut Pakar Keamanan,"Laporan terbaru menunjukkan adanya kasus Phishing yang menargetkan 
            sektor Pendidikan di wilayah Surabaya. Menurut sumber dari 
            BSSN, insiden ini 
            terjadi pada 26 March 2023. Para ahli keamanan siber 
            menyarankan masyarakat untuk meningkatkan kewaspadaan terhadap ancaman 
            serupa. Kerugian diperkirakan mencapai ratusan juta hingga miliaran rupiah.",merdeka.com,2023-03-26,Phishing,Pendidikan,Surabaya,negative,44,2025-12-24 12:38:01.505989
NEWS-000313,Tips Lindungi Data dari Kebocoran Data Menurut Pakar Keamanan,"Laporan terbaru menunjukkan adanya kasus Kebocoran Data yang menargetkan 
            sektor UMKM di wilayah Surabaya. Menurut sumber dari 
            BSSN, insiden ini 
            terjadi pada 23 February 2022. Para ahli keamanan siber 
            menyarankan masyarakat untuk meningkatkan kewaspadaan terhadap ancaman 
            serupa. Kerugian diperkirakan mencapai ratusan juta hingga miliaran rupiah.",tribunnews.com,2022-02-23,Kebocoran Data,UMKM,Surabaya,negative,45,2025-12-24 12:38:01.506046
NEWS-000314,Serangan Social Engineering Menargetkan Perbankan di Yogyakarta,"Laporan terbaru menunjukkan adanya kasus Social Engineering yang menargetkan 
            sektor Perbankan di wilayah Yogyakarta. Menurut sumber dari 
            Kepolisian, insiden ini 
            terjadi pada 10 December 2021. Para ahli keamanan siber 
            menyarankan masyarakat untuk meningkatkan kewaspadaan terhadap ancaman 
            serupa. Kerugian diperkirakan mencapai ratusan juta hingga miliaran rupiah.",tribunnews.com,2021-12-10,Social Engineering,Perbankan,Yogyakarta,negative,45,2025-12-24 12:38:01.506106
NEWS-000315,Serangan DDoS Menargetkan Kesehatan di Jawa Barat,"Laporan terbaru menunjukkan adanya kasus DDoS yang menargetkan 
            sektor Kesehatan di wilayah Jawa Barat. Menurut sumber dari 
            Kominfo, insiden ini 
            terjadi pada 19 June 2021. Para ahli keamanan siber 
            menyarankan masyarakat untuk meningkatkan kewaspadaan terhadap ancaman 
            serupa. Kerugian diperkirakan mencapai ratusan juta hingga miliaran rupiah.",tempo.co,2021-06-19,DDoS,Kesehatan,Jawa Barat,negative,45,2025-12-24 12:38:01.506163
NEWS-000316,BSSN Ungkap Lonjakan Kasus Ransomware Sepanjang 2021,"Laporan terbaru menunjukkan adanya kasus Ransomware yang menargetkan 
            sektor UMKM di wilayah Jawa Timur. Menurut sumber dari 
            Kepolisian, insiden ini 
            terjadi pada 24 September 2021. Para ahli keamanan siber 
            menyarankan masyarakat untuk meningkatkan kewaspadaan terhadap ancaman 
            serupa. Kerugian diperkirakan mencapai ratusan juta hingga miliaran rupiah.",kompas.com,2021-09-24,Ransomware,UMKM,Jawa Timur,negative,45,2025-12-24 12:38:01.506219
NEWS-000317,Kerugian Akibat Kebocoran Data Capai Rp 436 Miliar,"Laporan terbaru menunjukkan adanya kasus Kebocoran Data yang menargetkan 
            sektor Kesehatan di wilayah Bandung. Menurut sumber dari 
            Kepolisian, insiden ini 
            terjadi pada 29 July 2022. Para ahli keamanan siber 
            menyarankan masyarakat untuk meningkatkan kewaspadaan terhadap ancaman 
            serupa. Kerugian diperkirakan mencapai ratusan juta hingga miliaran rupiah.",tempo.co,2022-07-29,Kebocoran Data,Kesehatan,Bandung,negative,45,2025-12-24 12:38:01.506277
NEWS-000318,Waspada! Modus Baru Kebocoran Data Melalui Email,"Laporan terbaru menunjukkan adanya kasus Kebocoran Data yang menargetkan 
            sektor E-Commerce di wilayah Surabaya. Menurut sumber dari 
            BSSN, insiden ini 
            terjadi pada 02 July 2023. Para ahli keamanan siber 
            menyarankan masyarakat untuk meningkatkan kewaspadaan terhadap ancaman 
            serupa. Kerugian diperkirakan mencapai ratusan juta hingga miliaran rupiah.",merdeka.com,2023-07-02,Kebocoran Data,E-Commerce,Surabaya,negative,45,2025-12-24 12:38:01.506334
NEWS-000319,Kominfo Blokir 472 Situs Terkait Ransomware,"Laporan terbaru menunjukkan adanya kasus Ransomware yang menargetkan 
            sektor UMKM di wilayah Semarang. Menurut sumber dari 
            Kominfo, insiden ini 
            terjadi pada 02 June 2023. Para ahli keamanan siber 
            menyarankan masyarakat untuk meningkatkan kewaspadaan terhadap ancaman 
            serupa. Kerugian diperkirakan mencapai ratusan juta hingga miliaran rupiah.",liputan6.com,2023-06-02,Ransomware,UMKM,Semarang,neutral,44,2025-12-24 12:38:01.506393
NEWS-000320,BSSN Ungkap Lonjakan Kasus DDoS Sepanjang 2022,"Laporan terbaru menunjukkan adanya kasus DDoS yang menargetkan 
            sektor Kesehatan di wilayah Makassar. Menurut sumber dari 
            BSSN, insiden ini 
            terjadi pada 19 September 2022. Para ahli keamanan siber 
            menyarankan masyarakat untuk meningkatkan kewaspadaan terhadap ancaman 
            serupa. Kerugian diperkirakan mencapai ratusan juta hingga miliaran rupiah.",detik.com,2022-09-19,DDoS,Kesehatan,Makassar,neutral,44,2025-12-24 12:38:01.506479
NEWS-000321,Polri Tangkap Pelaku Hacking yang Rugikan Korban Rp 347 Juta,"Laporan terbaru menunjukkan adanya kasus Hacking yang menargetkan 
            sektor UMKM di wilayah Jakarta. Menurut sumber dari 
            BSSN, insiden ini 
            terjadi pada 09 September 2024. Para ahli keamanan siber 
            menyarankan masyarakat untuk meningkatkan kewaspadaan terhadap ancaman 
            serupa. Kerugian diperkirakan mencapai ratusan juta hingga miliaran rupiah.",republika.co.id,2024-09-09,Hacking,UMKM,Jakarta,neutral,44,2025-12-24 12:38:01.506542
NEWS-000322,Kasus Skimming di Jawa Barat Meningkat 45%,"Laporan terbaru menunjukkan adanya kasus Skimming yang menargetkan 
            sektor Fintech di wilayah Jawa Barat. Menurut sumber dari 
            BSSN, insiden ini 
            terjadi pada 09 July 2022. Para ahli keamanan siber 
            menyarankan masyarakat untuk meningkatkan kewaspadaan terhadap ancaman 
            serupa. Kerugian diperkirakan mencapai ratusan juta hingga miliaran rupiah.",kompas.com,2022-07-09,Skimming,Fintech,Jawa Barat,negative,45,2025-12-24 12:38:01.506600
NEWS-000323,Fintech Indonesia Jadi Target Utama DDoS,"Laporan terbaru menunjukkan adanya kasus DDoS yang menargetkan 
            sektor Fintech di wilayah Yogyakarta. Menurut sumber dari 
            Kominfo, insiden ini 
            terjadi pada 30 August 2023. Para ahli keamanan siber 
            menyarankan masyarakat untuk meningkatkan kewaspadaan terhadap ancaman 
            serupa. Kerugian diperkirakan mencapai ratusan juta hingga miliaran rupiah.",detik.com,2023-08-30,DDoS,Fintech,Yogyakarta,negative,44,2025-12-24 12:38:01.506656
NEWS-000324,BSSN Ungkap Lonjakan Kasus Kebocoran Data Sepanjang 2024,"Laporan terbaru menunjukkan adanya kasus Kebocoran Data yang menargetkan 
            sektor Startup di wilayah Jawa Timur. Menurut sumber dari 
            Kominfo, insiden ini 
            terjadi pada 25 August 2024. Para ahli keamanan siber 
            menyarankan masyarakat untuk meningkatkan kewaspadaan terhadap ancaman 
            serupa. Kerugian diperkirakan mencapai ratusan juta hingga miliaran rupiah.",kompas.com,2024-08-25,Kebocoran Data,Startup,Jawa Timur,negative,46,2025-12-24 12:38:01.506710
NEWS-000325,Telekomunikasi Kehilangan Data Jutaan Pengguna Akibat Hacking,"Laporan terbaru menunjukkan adanya kasus Hacking yang menargetkan 
            sektor Telekomunikasi di wilayah Bali. Menurut sumber dari 
            BSSN, insiden ini 
            terjadi pada 26 May 2021. Para ahli keamanan siber 
            menyarankan masyarakat untuk meningkatkan kewaspadaan terhadap ancaman 
            serupa. Kerugian diperkirakan mencapai ratusan juta hingga miliaran rupiah.",tempo.co,2021-05-26,Hacking,Telekomunikasi,Bali,negative,44,2025-12-24 12:38:01.506764
NEWS-000326,Kerugian Akibat Malware Capai Rp 453 Miliar,"Laporan terbaru menunjukkan adanya kasus Malware yang menargetkan 
            sektor Kesehatan di wilayah Bali. Menurut sumber dari 
            Kepolisian, insiden ini 
            terjadi pada 03 October 2022. Para ahli keamanan siber 
            menyarankan masyarakat untuk meningkatkan kewaspadaan terhadap ancaman 
            serupa. Kerugian diperkirakan mencapai ratusan juta hingga miliaran rupiah.",tribunnews.com,2022-10-03,Malware,Kesehatan,Bali,neutral,44,2025-12-24 12:38:01.506819
NEWS-000327,Tips Lindungi Data dari Hacking Menurut Pakar Keamanan,"Laporan terbaru menunjukkan adanya kasus Hacking yang menargetkan 
            sektor UMKM di wilayah Bali. Menurut sumber dari 
            BSSN, insiden ini 
            terjadi pada 17 July 2024. Para ahli keamanan siber 
            menyarankan masyarakat untuk meningkatkan kewaspadaan terhadap ancaman 
            serupa. Kerugian diperkirakan mencapai ratusan juta hingga miliaran rupiah.",republika.co.id,2024-07-17,Hacking,UMKM,Bali,negative,44,2025-12-24 12:38:01.506879
NEWS-000328,Kasus Kebocoran Data di Jakarta Meningkat 149%,"Laporan terbaru menunjukkan adanya kasus Kebocoran Data yang menargetkan 
            sektor UMKM di wilayah Jakarta. Menurut sumber dari 
            Kominfo, insiden ini 
            terjadi pada 01 January 2024. Para ahli keamanan siber 
            menyarankan masyarakat untuk meningkatkan kewaspadaan terhadap ancaman 
            serupa. Kerugian diperkirakan mencapai ratusan juta hingga miliaran rupiah.",tempo.co,2024-01-01,Kebocoran Data,UMKM,Jakarta,neutral,45,2025-12-24 12:38:01.506937
NEWS-000329,Kasus Social Engineering di Bandung Meningkat 162%,"Laporan terbaru menunjukkan adanya kasus Social Engineering yang menargetkan 
            sektor Telekomunikasi di wilayah Bandung. Menurut sumber dari 
            BSSN, insiden ini 
            terjadi pada 26 March 2023. Para ahli keamanan siber 
            menyarankan masyarakat untuk meningkatkan kewaspadaan terhadap ancaman 
            serupa. Kerugian diperkirakan mencapai ratusan juta hingga miliaran rupiah.",kompas.com,2023-03-26,Social Engineering,Telekomunikasi,Bandung,neutral,45,2025-12-24 12:38:01.506998
NEWS-000330,Waspada! Modus Baru Phishing Melalui Link Palsu,"Laporan terbaru menunjukkan adanya kasus Phishing yang menargetkan 
            sektor Startup di wilayah Medan. Menurut sumber dari 
            BSSN, insiden ini 
            terjadi pada 21 December 2023. Para ahli keamanan siber 
            menyarankan masyarakat untuk meningkatkan kewaspadaan terhadap ancaman 
            serupa. Kerugian diperkirakan mencapai ratusan juta hingga miliaran rupiah.",tribunnews.com,2023-12-21,Phishing,Startup,Medan,negative,44,2025-12-24 12:38:01.507054
NEWS-000331,Serangan Kebocoran Data Menargetkan Telekomunikasi di Semarang,"Laporan terbaru menunjukkan adanya kasus Kebocoran Data yang menargetkan 
            sektor Telekomunikasi di wilayah Semarang. Menurut sumber dari 
            Kepolisian, insiden ini 
            terjadi pada 18 October 2023. Para ahli keamanan siber 
            menyarankan masyarakat untuk meningkatkan kewaspadaan terhadap ancaman 
            serupa. Kerugian diperkirakan mencapai ratusan juta hingga miliaran rupiah.",tempo.co,2023-10-18,Kebocoran Data,Telekomunikasi,Semarang,neutral,45,2025-12-24 12:38:01.507120
NEWS-000332,Polri Tangkap Pelaku Phishing yang Rugikan Korban Rp 289 Juta,"Laporan terbaru menunjukkan adanya kasus Phishing yang menargetkan 
            sektor Pendidikan di wilayah Makassar. Menurut sumber dari 
            Kominfo, insiden ini 
            terjadi pada 10 June 2023. Para ahli keamanan siber 
            menyarankan masyarakat untuk meningkatkan kewaspadaan terhadap ancaman 
            serupa. Kerugian diperkirakan mencapai ratusan juta hingga miliaran rupiah.",liputan6.com,2023-06-10,Phishing,Pendidikan,Makassar,negative,44,2025-12-24 12:38:01.507195
NEWS-000333,Serangan Ransomware Menargetkan Perbankan di Surabaya,"Laporan terbaru menunjukkan adanya kasus Ransomware yang menargetkan 
            sektor Perbankan di wilayah Surabaya. Menurut sumber dari 
            Kominfo, insiden ini 
            terjadi pada 12 April 2023. Para ahli keamanan siber 
            menyarankan masyarakat untuk meningkatkan kewaspadaan terhadap ancaman 
            serupa. Kerugian diperkirakan mencapai ratusan juta hingga miliaran rupiah.",kompas.com,2023-04-12,Ransomware,Perbankan,Surabaya,negative,44,2025-12-24 12:38:01.507248
NEWS-000334,Pemerintahan Kehilangan Data Jutaan Pengguna Akibat Kebocoran Data,"Laporan terbaru menunjukkan adanya kasus Kebocoran Data yang menargetkan 
            sektor Pemerintahan di wilayah Semarang. Menurut sumber dari 
            BSSN, insiden ini 
            terjadi pada 22 June 2022. Para ahli keamanan siber 
            menyarankan masyarakat untuk meningkatkan kewaspadaan terhadap ancaman 
            serupa. Kerugian diperkirakan mencapai ratusan juta hingga miliaran rupiah.",kompas.com,2022-06-22,Kebocoran Data,Pemerintahan,Semarang,negative,45,2025-12-24 12:38:01.507305
NEWS-000335,Kerugian Akibat Ransomware Capai Rp 492 Miliar,"Laporan terbaru menunjukkan adanya kasus Ransomware yang menargetkan 
            sektor UMKM di wilayah Semarang. Menurut sumber dari 
            Kepolisian, insiden ini 
            terjadi pada 13 May 2023. Para ahli keamanan siber 
            menyarankan masyarakat untuk meningkatkan kewaspadaan terhadap ancaman 
            serupa. Kerugian diperkirakan mencapai ratusan juta hingga miliaran rupiah.",republika.co.id,2023-05-13,Ransomware,UMKM,Semarang,negative,44,2025-12-24 12:38:01.507359
NEWS-000336,Polri Tangkap Pelaku Malware yang Rugikan Korban Rp 500 Juta,"Laporan terbaru menunjukkan adanya kasus Malware yang menargetkan 
            sektor Pendidikan di wilayah Jawa Timur. Menurut sumber dari 
            Kepolisian, insiden ini 
            terjadi pada 04 October 2024. Para ahli keamanan siber 
            menyarankan masyarakat untuk meningkatkan kewaspadaan terhadap ancaman 
            serupa. Kerugian diperkirakan mencapai ratusan juta hingga miliaran rupiah.",merdeka.com,2024-10-04,Malware,Pendidikan,Jawa Timur,neutral,45,2025-12-24 12:38:01.507429
NEWS-000337,Kerugian Akibat Skimming Capai Rp 341 Miliar,"Laporan terbaru menunjukkan adanya kasus Skimming yang menargetkan 
            sektor Pendidikan di wilayah Surabaya. Menurut sumber dari 
            Kepolisian, insiden ini 
            terjadi pada 13 February 2022. Para ahli keamanan siber 
            menyarankan masyarakat untuk meningkatkan kewaspadaan terhadap ancaman 
            serupa. Kerugian diperkirakan mencapai ratusan juta hingga miliaran rupiah.",liputan6.com,2022-02-13,Skimming,Pendidikan,Surabaya,negative,44,2025-12-24 12:38:01.507485
NEWS-000338,Serangan Hacking Menargetkan Perbankan di Jawa Timur,"Laporan terbaru menunjukkan adanya kasus Hacking yang menargetkan 
            sektor Perbankan di wilayah Jawa Timur. Menurut sumber dari 
            BSSN, insiden ini 
            terjadi pada 01 June 2024. Para ahli keamanan siber 
            menyarankan masyarakat untuk meningkatkan kewaspadaan terhadap ancaman 
            serupa. Kerugian diperkirakan mencapai ratusan juta hingga miliaran rupiah.",detik.com,2024-06-01,Hacking,Perbankan,Jawa Timur,neutral,45,2025-12-24 12:38:01.507545
NEWS-000339,Kerugian Akibat Social Engineering Capai Rp 178 Miliar,"Laporan terbaru menunjukkan adanya kasus Social Engineering yang menargetkan 
            sektor E-Commerce di wilayah Surabaya. Menurut sumber dari 
            BSSN, insiden ini 
            terjadi pada 01 February 2023. Para ahli keamanan siber 
            menyarankan masyarakat untuk meningkatkan kewaspadaan terhadap ancaman 
            serupa. Kerugian diperkirakan mencapai ratusan juta hingga miliaran rupiah.",tempo.co,2023-02-01,Social Engineering,E-Commerce,Surabaya,negative,45,2025-12-24 12:38:01.507603
NEWS-000340,Waspada! Modus Baru Kebocoran Data Melalui Aplikasi Berbahaya,"Laporan terbaru menunjukkan adanya kasus Kebocoran Data yang menargetkan 
            sektor Fintech di wilayah Jawa Barat. Menurut sumber dari 
            Kepolisian, insiden ini 
            terjadi pada 19 October 2023. Para ahli keamanan siber 
            menyarankan masyarakat untuk meningkatkan kewaspadaan terhadap ancaman 
            serupa. Kerugian diperkirakan mencapai ratusan juta hingga miliaran rupiah.",kompas.com,2023-10-19,Kebocoran Data,Fintech,Jawa Barat,negative,46,2025-12-24 12:38:01.507658
NEWS-000341,Tips Lindungi Data dari Hacking Menurut Pakar Keamanan,"Laporan terbaru menunjukkan adanya kasus Hacking yang menargetkan 
            sektor Pemerintahan di wilayah Yogyakarta. Menurut sumber dari 
            Kominfo, insiden ini 
            terjadi pada 28 January 2024. Para ahli keamanan siber 
            menyarankan masyarakat untuk meningkatkan kewaspadaan terhadap ancaman 
            serupa. Kerugian diperkirakan mencapai ratusan juta hingga miliaran rupiah.",detik.com,2024-01-28,Hacking,Pemerintahan,Yogyakarta,neutral,44,2025-12-24 12:38:01.507721
NEWS-000342,Pemerintahan Kehilangan Data Jutaan Pengguna Akibat Kebocoran Data,"Laporan terbaru menunjukkan adanya kasus Kebocoran Data yang menargetkan 
            sektor Pemerintahan di wilayah Bali. Menurut sumber dari 
            Kominfo, insiden ini 
            terjadi pada 19 November 2023. Para ahli keamanan siber 
            menyarankan masyarakat untuk meningkatkan kewaspadaan terhadap ancaman 
            serupa. Kerugian diperkirakan mencapai ratusan juta hingga miliaran rupiah.",liputan6.com,2023-11-19,Kebocoran Data,Pemerintahan,Bali,positive,45,2025-12-24 12:38:01.507783
NEWS-000343,BSSN Ungkap Lonjakan Kasus Social Engineering Sepanjang 2022,"Laporan terbaru menunjukkan adanya kasus Social Engineering yang menargetkan 
            sektor Pemerintahan di wilayah Yogyakarta. Menurut sumber dari 
            Kominfo, insiden ini 
            terjadi pada 25 July 2022. Para ahli keamanan siber 
            menyarankan masyarakat untuk meningkatkan kewaspadaan terhadap ancaman 
            serupa. Kerugian diperkirakan mencapai ratusan juta hingga miliaran rupiah.",merdeka.com,2022-07-25,Social Engineering,Pemerintahan,Yogyakarta,neutral,45,2025-12-24 12:38:01.507841
NEWS-000344,Kominfo Blokir 349 Situs Terkait DDoS,"Laporan terbaru menunjukkan adanya kasus DDoS yang menargetkan 
            sektor Telekomunikasi di wilayah Jawa Timur. Menurut sumber dari 
            BSSN, insiden ini 
            terjadi pada 12 June 2024. Para ahli keamanan siber 
            menyarankan masyarakat untuk meningkatkan kewaspadaan terhadap ancaman 
            serupa. Kerugian diperkirakan mencapai ratusan juta hingga miliaran rupiah.",republika.co.id,2024-06-12,DDoS,Telekomunikasi,Jawa Timur,neutral,45,2025-12-24 12:38:01.507896
NEWS-000345,Kasus Malware di Bandung Meningkat 110%,"Laporan terbaru menunjukkan adanya kasus Malware yang menargetkan 
            sektor Kesehatan di wilayah Bandung. Menurut sumber dari 
            Kepolisian, insiden ini 
            terjadi pada 16 October 2023. Para ahli keamanan siber 
            menyarankan masyarakat untuk meningkatkan kewaspadaan terhadap ancaman 
            serupa. Kerugian diperkirakan mencapai ratusan juta hingga miliaran rupiah.",merdeka.com,2023-10-16,Malware,Kesehatan,Bandung,negative,44,2025-12-24 12:38:01.507957
NEWS-000346,Polri Tangkap Pelaku Phishing yang Rugikan Korban Rp 151 Juta,"Laporan terbaru menunjukkan adanya kasus Phishing yang menargetkan 
            sektor Telekomunikasi di wilayah Jawa Barat. Menurut sumber dari 
            BSSN, insiden ini 
            terjadi pada 02 April 2023. Para ahli keamanan siber 
            menyarankan masyarakat untuk meningkatkan kewaspadaan terhadap ancaman 
            serupa. Kerugian diperkirakan mencapai ratusan juta hingga miliaran rupiah.",tribunnews.com,2023-04-02,Phishing,Telekomunikasi,Jawa Barat,negative,45,2025-12-24 12:38:01.508015
NEWS-000347,Waspada! Modus Baru Ransomware Melalui Website Palsu,"Laporan terbaru menunjukkan adanya kasus Ransomware yang menargetkan 
            sektor Startup di wilayah Jawa Barat. Menurut sumber dari 
            Kepolisian, insiden ini 
            terjadi pada 16 June 2023. Para ahli keamanan siber 
            menyarankan masyarakat untuk meningkatkan kewaspadaan terhadap ancaman 
            serupa. Kerugian diperkirakan mencapai ratusan juta hingga miliaran rupiah.",liputan6.com,2023-06-16,Ransomware,Startup,Jawa Barat,negative,45,2025-12-24 12:38:01.508069
NEWS-000348,Kasus Hacking di Semarang Meningkat 57%,"Laporan terbaru menunjukkan adanya kasus Hacking yang menargetkan 
            sektor Pemerintahan di wilayah Semarang. Menurut sumber dari 
            Kominfo, insiden ini 
            terjadi pada 18 May 2022. Para ahli keamanan siber 
            menyarankan masyarakat untuk meningkatkan kewaspadaan terhadap ancaman 
            serupa. Kerugian diperkirakan mencapai ratusan juta hingga miliaran rupiah.",kompas.com,2022-05-18,Hacking,Pemerintahan,Semarang,negative,44,2025-12-24 12:38:01.508124
NEWS-000349,Tips Lindungi Data dari Malware Menurut Pakar Keamanan,"Laporan terbaru menunjukkan adanya kasus Malware yang menargetkan 
            sektor Fintech di wilayah Bandung. Menurut sumber dari 
            Kepolisian, insiden ini 
            terjadi pada 02 August 2023. Para ahli keamanan siber 
            menyarankan masyarakat untuk meningkatkan kewaspadaan terhadap ancaman 
            serupa. Kerugian diperkirakan mencapai ratusan juta hingga miliaran rupiah.",detik.com,2023-08-02,Malware,Fintech,Bandung,negative,44,2025-12-24 12:38:01.508178
NEWS-000350,Polri Tangkap Pelaku Skimming yang Rugikan Korban Rp 117 Juta,"Laporan terbaru menunjukkan adanya kasus Skimming yang menargetkan 
            sektor Telekomunikasi di wilayah Makassar. Menurut sumber dari 
            Kepolisian, insiden ini 
            terjadi pada 27 May 2024. Para ahli keamanan siber 
            menyarankan masyarakat untuk meningkatkan kewaspadaan terhadap ancaman 
            serupa. Kerugian diperkirakan mencapai ratusan juta hingga miliaran rupiah.",republika.co.id,2024-05-27,Skimming,Telekomunikasi,Makassar,positive,44,2025-12-24 12:38:01.508233
NEWS-000351,Tips Lindungi Data dari Kebocoran Data Menurut Pakar Keamanan,"Laporan terbaru menunjukkan adanya kasus Kebocoran Data yang menargetkan 
            sektor Startup di wilayah Bandung. Menurut sumber dari 
            BSSN, insiden ini 
            terjadi pada 14 October 2021. Para ahli keamanan siber 
            menyarankan masyarakat untuk meningkatkan kewaspadaan terhadap ancaman 
            serupa. Kerugian diperkirakan mencapai ratusan juta hingga miliaran rupiah.",cnnindonesia.com,2021-10-14,Kebocoran Data,Startup,Bandung,negative,45,2025-12-24 12:38:01.508300
NEWS-000352,Tips Lindungi Data dari DDoS Menurut Pakar Keamanan,"Laporan terbaru menunjukkan adanya kasus DDoS yang menargetkan 
            sektor Pemerintahan di wilayah Surabaya. Menurut sumber dari 
            Kominfo, insiden ini 
            terjadi pada 12 November 2021. Para ahli keamanan siber 
            menyarankan masyarakat untuk meningkatkan kewaspadaan terhadap ancaman 
            serupa. Kerugian diperkirakan mencapai ratusan juta hingga miliaran rupiah.",detik.com,2021-11-12,DDoS,Pemerintahan,Surabaya,positive,44,2025-12-24 12:38:01.508357
NEWS-000353,Kominfo Blokir 942 Situs Terkait Kebocoran Data,"Laporan terbaru menunjukkan adanya kasus Kebocoran Data yang menargetkan 
            sektor Pemerintahan di wilayah Makassar. Menurut sumber dari 
            BSSN, insiden ini 
            terjadi pada 19 March 2024. Para ahli keamanan siber 
            menyarankan masyarakat untuk meningkatkan kewaspadaan terhadap ancaman 
            serupa. Kerugian diperkirakan mencapai ratusan juta hingga miliaran rupiah.",detik.com,2024-03-19,Kebocoran Data,Pemerintahan,Makassar,negative,45,2025-12-24 12:38:01.508425
NEWS-000354,Kominfo Blokir 949 Situs Terkait Skimming,"Laporan terbaru menunjukkan adanya kasus Skimming yang menargetkan 
            sektor Pendidikan di wilayah Bandung. Menurut sumber dari 
            Kepolisian, insiden ini 
            terjadi pada 02 October 2021. Para ahli keamanan siber 
            menyarankan masyarakat untuk meningkatkan kewaspadaan terhadap ancaman 
            serupa. Kerugian diperkirakan mencapai ratusan juta hingga miliaran rupiah.",republika.co.id,2021-10-02,Skimming,Pendidikan,Bandung,negative,44,2025-12-24 12:38:01.508483
NEWS-000355,Kerugian Akibat DDoS Capai Rp 289 Miliar,"Laporan terbaru menunjukkan adanya kasus DDoS yang menargetkan 
            sektor E-Commerce di wilayah Jawa Barat. Menurut sumber dari 
            Kepolisian, insiden ini 
            terjadi pada 25 September 2022. Para ahli keamanan siber 
            menyarankan masyarakat untuk meningkatkan kewaspadaan terhadap ancaman 
            serupa. Kerugian diperkirakan mencapai ratusan juta hingga miliaran rupiah.",tempo.co,2022-09-25,DDoS,E-Commerce,Jawa Barat,neutral,45,2025-12-24 12:38:01.508542
NEWS-000356,Waspada! Modus Baru Hacking Melalui QR Code,"Laporan terbaru menunjukkan adanya kasus Hacking yang menargetkan 
            sektor Startup di wilayah Makassar. Menurut sumber dari 
            Kominfo, insiden ini 
            terjadi pada 28 October 2022. Para ahli keamanan siber 
            menyarankan masyarakat untuk meningkatkan kewaspadaan terhadap ancaman 
            serupa. Kerugian diperkirakan mencapai ratusan juta hingga miliaran rupiah.",republika.co.id,2022-10-28,Hacking,Startup,Makassar,negative,44,2025-12-24 12:38:01.508598
NEWS-000357,Perbankan Kehilangan Data Jutaan Pengguna Akibat Hacking,"Laporan terbaru menunjukkan adanya kasus Hacking yang menargetkan 
            sektor Perbankan di wilayah Yogyakarta. Menurut sumber dari 
            BSSN, insiden ini 
            terjadi pada 17 March 2022. Para ahli keamanan siber 
            menyarankan masyarakat untuk meningkatkan kewaspadaan terhadap ancaman 
            serupa. Kerugian diperkirakan mencapai ratusan juta hingga miliaran rupiah.",merdeka.com,2022-03-17,Hacking,Perbankan,Yogyakarta,neutral,44,2025-12-24 12:38:01.508652
NEWS-000358,Polri Tangkap Pelaku Phishing yang Rugikan Korban Rp 160 Juta,"Laporan terbaru menunjukkan adanya kasus Phishing yang menargetkan 
            sektor Pendidikan di wilayah Bandung. Menurut sumber dari 
            Kepolisian, insiden ini 
            terjadi pada 31 January 2024. Para ahli keamanan siber 
            menyarankan masyarakat untuk meningkatkan kewaspadaan terhadap ancaman 
            serupa. Kerugian diperkirakan mencapai ratusan juta hingga miliaran rupiah.",detik.com,2024-01-31,Phishing,Pendidikan,Bandung,positive,44,2025-12-24 12:38:01.508716
NEWS-000359,Kesehatan Indonesia Jadi Target Utama DDoS,"Laporan terbaru menunjukkan adanya kasus DDoS yang menargetkan 
            sektor Kesehatan di wilayah Bali. Menurut sumber dari 
            Kominfo, insiden ini 
            terjadi pada 13 September 2023. Para ahli keamanan siber 
            menyarankan masyarakat untuk meningkatkan kewaspadaan terhadap ancaman 
            serupa. Kerugian diperkirakan mencapai ratusan juta hingga miliaran rupiah.",detik.com,2023-09-13,DDoS,Kesehatan,Bali,negative,44,2025-12-24 12:38:01.508774
NEWS-000360,Startup Indonesia Jadi Target Utama Hacking,"Laporan terbaru menunjukkan adanya kasus Hacking yang menargetkan 
            sektor Startup di wilayah Medan. Menurut sumber dari 
            Kepolisian, insiden ini 
            terjadi pada 14 June 2023. Para ahli keamanan siber 
            menyarankan masyarakat untuk meningkatkan kewaspadaan terhadap ancaman 
            serupa. Kerugian diperkirakan mencapai ratusan juta hingga miliaran rupiah.",cnnindonesia.com,2023-06-14,Hacking,Startup,Medan,negative,44,2025-12-24 12:38:01.508830
NEWS-000361,Kasus Hacking di Medan Meningkat 59%,"Laporan terbaru menunjukkan adanya kasus Hacking yang menargetkan 
            sektor Pemerintahan di wilayah Medan. Menurut sumber dari 
            BSSN, insiden ini 
            terjadi pada 09 August 2022. Para ahli keamanan siber 
            menyarankan masyarakat untuk meningkatkan kewaspadaan terhadap ancaman 
            serupa. Kerugian diperkirakan mencapai ratusan juta hingga miliaran rupiah.",kompas.com,2022-08-09,Hacking,Pemerintahan,Medan,negative,44,2025-12-24 12:38:01.508901
NEWS-000362,Tips Lindungi Data dari Phishing Menurut Pakar Keamanan,"Laporan terbaru menunjukkan adanya kasus Phishing yang menargetkan 
            sektor Pendidikan di wilayah Surabaya. Menurut sumber dari 
            Kepolisian, insiden ini 
            terjadi pada 24 November 2023. Para ahli keamanan siber 
            menyarankan masyarakat untuk meningkatkan kewaspadaan terhadap ancaman 
            serupa. Kerugian diperkirakan mencapai ratusan juta hingga miliaran rupiah.",republika.co.id,2023-11-24,Phishing,Pendidikan,Surabaya,neutral,44,2025-12-24 12:38:01.508960
NEWS-000363,BSSN Ungkap Lonjakan Kasus Phishing Sepanjang 2020,"Laporan terbaru menunjukkan adanya kasus Phishing yang menargetkan 
            sektor Fintech di wilayah Semarang. Menurut sumber dari 
            Kepolisian, insiden ini 
            terjadi pada 04 August 2020. Para ahli keamanan siber 
            menyarankan masyarakat untuk meningkatkan kewaspadaan terhadap ancaman 
            serupa. Kerugian diperkirakan mencapai ratusan juta hingga miliaran rupiah.",tempo.co,2020-08-04,Phishing,Fintech,Semarang,negative,44,2025-12-24 12:38:01.509027
NEWS-000364,Waspada! Modus Baru Ransomware Melalui WhatsApp,"Laporan terbaru menunjukkan adanya kasus Ransomware yang menargetkan 
            sektor Kesehatan di wilayah Jakarta. Menurut sumber dari 
            BSSN, insiden ini 
            terjadi pada 11 April 2021. Para ahli keamanan siber 
            menyarankan masyarakat untuk meningkatkan kewaspadaan terhadap ancaman 
            serupa. Kerugian diperkirakan mencapai ratusan juta hingga miliaran rupiah.",tribunnews.com,2021-04-11,Ransomware,Kesehatan,Jakarta,neutral,44,2025-12-24 12:38:01.509085
NEWS-000365,Telekomunikasi Indonesia Jadi Target Utama Malware,"Laporan terbaru menunjukkan adanya kasus Malware yang menargetkan 
            sektor Telekomunikasi di wilayah Medan. Menurut sumber dari 
            Kepolisian, insiden ini 
            terjadi pada 15 February 2023. Para ahli keamanan siber 
            menyarankan masyarakat untuk meningkatkan kewaspadaan terhadap ancaman 
            serupa. Kerugian diperkirakan mencapai ratusan juta hingga miliaran rupiah.",cnnindonesia.com,2023-02-15,Malware,Telekomunikasi,Medan,neutral,44,2025-12-24 12:38:01.509141
NEWS-000366,Serangan Kebocoran Data Menargetkan Kesehatan di Makassar,"Laporan terbaru menunjukkan adanya kasus Kebocoran Data yang menargetkan 
            sektor Kesehatan di wilayah Makassar. Menurut sumber dari 
            Kepolisian, insiden ini 
            terjadi pada 02 November 2022. Para ahli keamanan siber 
            menyarankan masyarakat untuk meningkatkan kewaspadaan terhadap ancaman 
            serupa. Kerugian diperkirakan mencapai ratusan juta hingga miliaran rupiah.",liputan6.com,2022-11-02,Kebocoran Data,Kesehatan,Makassar,negative,45,2025-12-24 12:38:01.509197
NEWS-000367,Kominfo Blokir 319 Situs Terkait Social Engineering,"Laporan terbaru menunjukkan adanya kasus Social Engineering yang menargetkan 
            sektor Startup di wilayah Bandung. Menurut sumber dari 
            Kepolisian, insiden ini 
            terjadi pada 02 September 2023. Para ahli keamanan siber 
            menyarankan masyarakat untuk meningkatkan kewaspadaan terhadap ancaman 
            serupa. Kerugian diperkirakan mencapai ratusan juta hingga miliaran rupiah.",republika.co.id,2023-09-02,Social Engineering,Startup,Bandung,negative,45,2025-12-24 12:38:01.509254
NEWS-000368,Serangan Skimming Menargetkan Pendidikan di Medan,"Laporan terbaru menunjukkan adanya kasus Skimming yang menargetkan 
            sektor Pendidikan di wilayah Medan. Menurut sumber dari 
            BSSN, insiden ini 
            terjadi pada 23 December 2022. Para ahli keamanan siber 
            menyarankan masyarakat untuk meningkatkan kewaspadaan terhadap ancaman 
            serupa. Kerugian diperkirakan mencapai ratusan juta hingga miliaran rupiah.",merdeka.com,2022-12-23,Skimming,Pendidikan,Medan,negative,44,2025-12-24 12:38:01.509310
NEWS-000369,Waspada! Modus Baru Social Engineering Melalui Aplikasi Berbahaya,"Laporan terbaru menunjukkan adanya kasus Social Engineering yang menargetkan 
            sektor Kesehatan di wilayah Bandung. Menurut sumber dari 
            Kepolisian, insiden ini 
            terjadi pada 30 January 2022. Para ahli keamanan siber 
            menyarankan masyarakat untuk meningkatkan kewaspadaan terhadap ancaman 
            serupa. Kerugian diperkirakan mencapai ratusan juta hingga miliaran rupiah.",tribunnews.com,2022-01-30,Social Engineering,Kesehatan,Bandung,neutral,45,2025-12-24 12:38:01.509366
NEWS-000370,Pendidikan Kehilangan Data Jutaan Pengguna Akibat Hacking,"Laporan terbaru menunjukkan adanya kasus Hacking yang menargetkan 
            sektor Pendidikan di wilayah Jawa Timur. Menurut sumber dari 
            Kominfo, insiden ini 
            terjadi pada 11 May 2024. Para ahli keamanan siber 
            menyarankan masyarakat untuk meningkatkan kewaspadaan terhadap ancaman 
            serupa. Kerugian diperkirakan mencapai ratusan juta hingga miliaran rupiah.",liputan6.com,2024-05-11,Hacking,Pendidikan,Jawa Timur,neutral,45,2025-12-24 12:38:01.509435
NEWS-000371,Kominfo Blokir 361 Situs Terkait Hacking,"Laporan terbaru menunjukkan adanya kasus Hacking yang menargetkan 
            sektor Perbankan di wilayah Makassar. Menurut sumber dari 
            Kepolisian, insiden ini 
            terjadi pada 11 July 2022. Para ahli keamanan siber 
            menyarankan masyarakat untuk meningkatkan kewaspadaan terhadap ancaman 
            serupa. Kerugian diperkirakan mencapai ratusan juta hingga miliaran rupiah.",tribunnews.com,2022-07-11,Hacking,Perbankan,Makassar,neutral,44,2025-12-24 12:38:01.509496
NEWS-000372,Tips Lindungi Data dari Social Engineering Menurut Pakar Keamanan,"Laporan terbaru menunjukkan adanya kasus Social Engineering yang menargetkan 
            sektor UMKM di wilayah Bandung. Menurut sumber dari 
            Kepolisian, insiden ini 
            terjadi pada 07 June 2022. Para ahli keamanan siber 
            menyarankan masyarakat untuk meningkatkan kewaspadaan terhadap ancaman 
            serupa. Kerugian diperkirakan mencapai ratusan juta hingga miliaran rupiah.",cnnindonesia.com,2022-06-07,Social Engineering,UMKM,Bandung,negative,45,2025-12-24 12:38:01.509554
NEWS-000373,Tips Lindungi Data dari DDoS Menurut Pakar Keamanan,"Laporan terbaru menunjukkan adanya kasus DDoS yang menargetkan 
            sektor Kesehatan di wilayah Medan. Menurut sumber dari 
            Kominfo, insiden ini 
            terjadi pada 22 October 2024. Para ahli keamanan siber 
            menyarankan masyarakat untuk meningkatkan kewaspadaan terhadap ancaman 
            serupa. Kerugian diperkirakan mencapai ratusan juta hingga miliaran rupiah.",detik.com,2024-10-22,DDoS,Kesehatan,Medan,negative,44,2025-12-24 12:38:01.509610
NEWS-000374,Telekomunikasi Indonesia Jadi Target Utama Malware,"Laporan terbaru menunjukkan adanya kasus Malware yang menargetkan 
            sektor Telekomunikasi di wilayah Semarang. Menurut sumber dari 
            Kominfo, insiden ini 
            terjadi pada 02 February 2021. Para ahli keamanan siber 
            menyarankan masyarakat untuk meningkatkan kewaspadaan terhadap ancaman 
            serupa. Kerugian diperkirakan mencapai ratusan juta hingga miliaran rupiah.",detik.com,2021-02-02,Malware,Telekomunikasi,Semarang,negative,44,2025-12-24 12:38:01.509666
NEWS-000375,Startup Kehilangan Data Jutaan Pengguna Akibat Ransomware,"Laporan terbaru menunjukkan adanya kasus Ransomware yang menargetkan 
            sektor Startup di wilayah Surabaya. Menurut sumber dari 
            Kominfo, insiden ini 
            terjadi pada 25 July 2022. Para ahli keamanan siber 
            menyarankan masyarakat untuk meningkatkan kewaspadaan terhadap ancaman 
            serupa. Kerugian diperkirakan mencapai ratusan juta hingga miliaran rupiah.",liputan6.com,2022-07-25,Ransomware,Startup,Surabaya,negative,44,2025-12-24 12:38:01.509728
NEWS-000376,Kerugian Akibat DDoS Capai Rp 210 Miliar,"Laporan terbaru menunjukkan adanya kasus DDoS yang menargetkan 
            sektor Fintech di wilayah Semarang. Menurut sumber dari 
            Kepolisian, insiden ini 
            terjadi pada 10 May 2023. Para ahli keamanan siber 
            menyarankan masyarakat untuk meningkatkan kewaspadaan terhadap ancaman 
            serupa. Kerugian diperkirakan mencapai ratusan juta hingga miliaran rupiah.",cnnindonesia.com,2023-05-10,DDoS,Fintech,Semarang,neutral,44,2025-12-24 12:38:01.509785
NEWS-000377,Tips Lindungi Data dari Social Engineering Menurut Pakar Keamanan,"Laporan terbaru menunjukkan adanya kasus Social Engineering yang menargetkan 
            sektor Pemerintahan di wilayah Semarang. Menurut sumber dari 
            Kominfo, insiden ini 
            terjadi pada 17 June 2022. Para ahli keamanan siber 
            menyarankan masyarakat untuk meningkatkan kewaspadaan terhadap ancaman 
            serupa. Kerugian diperkirakan mencapai ratusan juta hingga miliaran rupiah.",tribunnews.com,2022-06-17,Social Engineering,Pemerintahan,Semarang,neutral,45,2025-12-24 12:38:01.509839
NEWS-000378,Kerugian Akibat DDoS Capai Rp 67 Miliar,"Laporan terbaru menunjukkan adanya kasus DDoS yang menargetkan 
            sektor Startup di wilayah Jawa Barat. Menurut sumber dari 
            Kominfo, insiden ini 
            terjadi pada 28 December 2021. Para ahli keamanan siber 
            menyarankan masyarakat untuk meningkatkan kewaspadaan terhadap ancaman 
            serupa. Kerugian diperkirakan mencapai ratusan juta hingga miliaran rupiah.",republika.co.id,2021-12-28,DDoS,Startup,Jawa Barat,positive,45,2025-12-24 12:38:01.509895
NEWS-000379,Kominfo Blokir 982 Situs Terkait Phishing,"Laporan terbaru menunjukkan adanya kasus Phishing yang menargetkan 
            sektor Perbankan di wilayah Medan. Menurut sumber dari 
            Kominfo, insiden ini 
            terjadi pada 03 March 2023. Para ahli keamanan siber 
            menyarankan masyarakat untuk meningkatkan kewaspadaan terhadap ancaman 
            serupa. Kerugian diperkirakan mencapai ratusan juta hingga miliaran rupiah.",tribunnews.com,2023-03-03,Phishing,Perbankan,Medan,negative,44,2025-12-24 12:38:01.509954
NEWS-000380,Serangan Kebocoran Data Menargetkan Fintech di Semarang,"Laporan terbaru menunjukkan adanya kasus Kebocoran Data yang menargetkan 
            sektor Fintech di wilayah Semarang. Menurut sumber dari 
            Kepolisian, insiden ini 
            terjadi pada 22 February 2022. Para ahli keamanan siber 
            menyarankan masyarakat untuk meningkatkan kewaspadaan terhadap ancaman 
            serupa. Kerugian diperkirakan mencapai ratusan juta hingga miliaran rupiah.",liputan6.com,2022-02-22,Kebocoran Data,Fintech,Semarang,negative,45,2025-12-24 12:38:01.510013
NEWS-000381,Serangan Malware Menargetkan Kesehatan di Bali,"Laporan terbaru menunjukkan adanya kasus Malware yang menargetkan 
            sektor Kesehatan di wilayah Bali. Menurut sumber dari 
            BSSN, insiden ini 
            terjadi pada 27 January 2024. Para ahli keamanan siber 
            menyarankan masyarakat untuk meningkatkan kewaspadaan terhadap ancaman 
            serupa. Kerugian diperkirakan mencapai ratusan juta hingga miliaran rupiah.",tempo.co,2024-01-27,Malware,Kesehatan,Bali,positive,44,2025-12-24 12:38:01.510076
NEWS-000382,Tips Lindungi Data dari Social Engineering Menurut Pakar Keamanan,"Laporan terbaru menunjukkan adanya kasus Social Engineering yang menargetkan 
            sektor Fintech di wilayah Jawa Timur. Menurut sumber dari 
            BSSN, insiden ini 
            terjadi pada 30 May 2020. Para ahli keamanan siber 
            menyarankan masyarakat untuk meningkatkan kewaspadaan terhadap ancaman 
            serupa. Kerugian diperkirakan mencapai ratusan juta hingga miliaran rupiah.",cnnindonesia.com,2020-05-30,Social Engineering,Fintech,Jawa Timur,negative,46,2025-12-24 12:38:01.510134
NEWS-000383,Serangan Skimming Menargetkan Pemerintahan di Jawa Barat,"Laporan terbaru menunjukkan adanya kasus Skimming yang menargetkan 
            sektor Pemerintahan di wilayah Jawa Barat. Menurut sumber dari 
            Kominfo, insiden ini 
            terjadi pada 18 April 2023. Para ahli keamanan siber 
            menyarankan masyarakat untuk meningkatkan kewaspadaan terhadap ancaman 
            serupa. Kerugian diperkirakan mencapai ratusan juta hingga miliaran rupiah.",kompas.com,2023-04-18,Skimming,Pemerintahan,Jawa Barat,negative,45,2025-12-24 12:38:01.510196
NEWS-000384,Serangan Ransomware Menargetkan Perbankan di Jakarta,"Laporan terbaru menunjukkan adanya kasus Ransomware yang menargetkan 
            sektor Perbankan di wilayah Jakarta. Menurut sumber dari 
            Kominfo, insiden ini 
            terjadi pada 16 April 2022. Para ahli keamanan siber 
            menyarankan masyarakat untuk meningkatkan kewaspadaan terhadap ancaman 
            serupa. Kerugian diperkirakan mencapai ratusan juta hingga miliaran rupiah.",detik.com,2022-04-16,Ransomware,Perbankan,Jakarta,negative,44,2025-12-24 12:38:01.510257
NEWS-000385,Tips Lindungi Data dari DDoS Menurut Pakar Keamanan,"Laporan terbaru menunjukkan adanya kasus DDoS yang menargetkan 
            sektor Fintech di wilayah Jakarta. Menurut sumber dari 
            Kepolisian, insiden ini 
            terjadi pada 23 April 2023. Para ahli keamanan siber 
            menyarankan masyarakat untuk meningkatkan kewaspadaan terhadap ancaman 
            serupa. Kerugian diperkirakan mencapai ratusan juta hingga miliaran rupiah.",liputan6.com,2023-04-23,DDoS,Fintech,Jakarta,neutral,44,2025-12-24 12:38:01.510311
NEWS-000386,Kerugian Akibat Hacking Capai Rp 369 Miliar,"Laporan terbaru menunjukkan adanya kasus Hacking yang menargetkan 
            sektor E-Commerce di wilayah Medan. Menurut sumber dari 
            BSSN, insiden ini 
            terjadi pada 14 November 2023. Para ahli keamanan siber 
            menyarankan masyarakat untuk meningkatkan kewaspadaan terhadap ancaman 
            serupa. Kerugian diperkirakan mencapai ratusan juta hingga miliaran rupiah.",merdeka.com,2023-11-14,Hacking,E-Commerce,Medan,negative,44,2025-12-24 12:38:01.510367
NEWS-000387,UMKM Indonesia Jadi Target Utama Malware,"Laporan terbaru menunjukkan adanya kasus Malware yang menargetkan 
            sektor UMKM di wilayah Surabaya. Menurut sumber dari 
            BSSN, insiden ini 
            terjadi pada 23 October 2021. Para ahli keamanan siber 
            menyarankan masyarakat untuk meningkatkan kewaspadaan terhadap ancaman 
            serupa. Kerugian diperkirakan mencapai ratusan juta hingga miliaran rupiah.",merdeka.com,2021-10-23,Malware,UMKM,Surabaya,neutral,44,2025-12-24 12:38:01.510435
NEWS-000388,Tips Lindungi Data dari Social Engineering Menurut Pakar Keamanan,"Laporan terbaru menunjukkan adanya kasus Social Engineering yang menargetkan 
            sektor Fintech di wilayah Jakarta. Menurut sumber dari 
            Kepolisian, insiden ini 
            terjadi pada 10 February 2023. Para ahli keamanan siber 
            menyarankan masyarakat untuk meningkatkan kewaspadaan terhadap ancaman 
            serupa. Kerugian diperkirakan mencapai ratusan juta hingga miliaran rupiah.",merdeka.com,2023-02-10,Social Engineering,Fintech,Jakarta,negative,45,2025-12-24 12:38:01.510489
NEWS-000389,BSSN Ungkap Lonjakan Kasus Skimming Sepanjang 2020,"Laporan terbaru menunjukkan adanya kasus Skimming yang menargetkan 
            sektor E-Commerce di wilayah Jawa Barat. Menurut sumber dari 
            Kominfo, insiden ini 
            terjadi pada 08 November 2020. Para ahli keamanan siber 
            menyarankan masyarakat untuk meningkatkan kewaspadaan terhadap ancaman 
            serupa. Kerugian diperkirakan mencapai ratusan juta hingga miliaran rupiah.",liputan6.com,2020-11-08,Skimming,E-Commerce,Jawa Barat,negative,45,2025-12-24 12:38:01.510546
NEWS-000390,Serangan Ransomware Menargetkan Pemerintahan di Jakarta,"Laporan terbaru menunjukkan adanya kasus Ransomware yang menargetkan 
            sektor Pemerintahan di wilayah Jakarta. Menurut sumber dari 
            Kominfo, insiden ini 
            terjadi pada 09 March 2021. Para ahli keamanan siber 
            menyarankan masyarakat untuk meningkatkan kewaspadaan terhadap ancaman 
            serupa. Kerugian diperkirakan mencapai ratusan juta hingga miliaran rupiah.",republika.co.id,2021-03-09,Ransomware,Pemerintahan,Jakarta,neutral,44,2025-12-24 12:38:01.510607
NEWS-000391,BSSN Ungkap Lonjakan Kasus Phishing Sepanjang 2023,"Laporan terbaru menunjukkan adanya kasus Phishing yang menargetkan 
            sektor Perbankan di wilayah Jawa Timur. Menurut sumber dari 
            Kominfo, insiden ini 
            terjadi pada 18 August 2023. Para ahli keamanan siber 
            menyarankan masyarakat untuk meningkatkan kewaspadaan terhadap ancaman 
            serupa. Kerugian diperkirakan mencapai ratusan juta hingga miliaran rupiah.",liputan6.com,2023-08-18,Phishing,Perbankan,Jawa Timur,neutral,45,2025-12-24 12:38:01.510675
NEWS-000392,BSSN Ungkap Lonjakan Kasus Social Engineering Sepanjang 2022,"Laporan terbaru menunjukkan adanya kasus Social Engineering yang menargetkan 
            sektor Pendidikan di wilayah Jawa Timur. Menurut sumber dari 
            Kominfo, insiden ini 
            terjadi pada 03 September 2022. Para ahli keamanan siber 
            menyarankan masyarakat untuk meningkatkan kewaspadaan terhadap ancaman 
            serupa. Kerugian diperkirakan mencapai ratusan juta hingga miliaran rupiah.",republika.co.id,2022-09-03,Social Engineering,Pendidikan,Jawa Timur,neutral,46,2025-12-24 12:38:01.510731
NEWS-000393,Tips Lindungi Data dari Hacking Menurut Pakar Keamanan,"Laporan terbaru menunjukkan adanya kasus Hacking yang menargetkan 
            sektor Pemerintahan di wilayah Jawa Barat. Menurut sumber dari 
            BSSN, insiden ini 
            terjadi pada 16 June 2024. Para ahli keamanan siber 
            menyarankan masyarakat untuk meningkatkan kewaspadaan terhadap ancaman 
            serupa. Kerugian diperkirakan mencapai ratusan juta hingga miliaran rupiah.",republika.co.id,2024-06-16,Hacking,Pemerintahan,Jawa Barat,neutral,45,2025-12-24 12:38:01.510786
NEWS-000394,Tips Lindungi Data dari Penipuan Online Menurut Pakar Keamanan,"Laporan terbaru menunjukkan adanya kasus Penipuan Online yang menargetkan 
            sektor Pemerintahan di wilayah Makassar. Menurut sumber dari 
            Kepolisian, insiden ini 
            terjadi pada 19 April 2023. Para ahli keamanan siber 
            menyarankan masyarakat untuk meningkatkan kewaspadaan terhadap ancaman 
            serupa. Kerugian diperkirakan mencapai ratusan juta hingga miliaran rupiah.",cnnindonesia.com,2023-04-19,Penipuan Online,Pemerintahan,Makassar,negative,45,2025-12-24 12:38:01.510842
NEWS-000395,Tips Lindungi Data dari Ransomware Menurut Pakar Keamanan,"Laporan terbaru menunjukkan adanya kasus Ransomware yang menargetkan 
            sektor Telekomunikasi di wilayah Bali. Menurut sumber dari 
            Kominfo, insiden ini 
            terjadi pada 06 April 2022. Para ahli keamanan siber 
            menyarankan masyarakat untuk meningkatkan kewaspadaan terhadap ancaman 
            serupa. Kerugian diperkirakan mencapai ratusan juta hingga miliaran rupiah.",kompas.com,2022-04-06,Ransomware,Telekomunikasi,Bali,neutral,44,2025-12-24 12:38:01.510896
NEWS-000396,Kasus Kebocoran Data di Medan Meningkat 179%,"Laporan terbaru menunjukkan adanya kasus Kebocoran Data yang menargetkan 
            sektor Pendidikan di wilayah Medan. Menurut sumber dari 
            Kepolisian, insiden ini 
            terjadi pada 30 July 2022. Para ahli keamanan siber 
            menyarankan masyarakat untuk meningkatkan kewaspadaan terhadap ancaman 
            serupa. Kerugian diperkirakan mencapai ratusan juta hingga miliaran rupiah.",tribunnews.com,2022-07-30,Kebocoran Data,Pendidikan,Medan,negative,45,2025-12-24 12:38:01.510954
NEWS-000397,Kominfo Blokir 668 Situs Terkait DDoS,"Laporan terbaru menunjukkan adanya kasus DDoS yang menargetkan 
            sektor UMKM di wilayah Makassar. Menurut sumber dari 
            Kepolisian, insiden ini 
            terjadi pada 10 July 2022. Para ahli keamanan siber 
            menyarankan masyarakat untuk meningkatkan kewaspadaan terhadap ancaman 
            serupa. Kerugian diperkirakan mencapai ratusan juta hingga miliaran rupiah.",merdeka.com,2022-07-10,DDoS,UMKM,Makassar,neutral,44,2025-12-24 12:38:01.511010
NEWS-000398,Kerugian Akibat Ransomware Capai Rp 124 Miliar,"Laporan terbaru menunjukkan adanya kasus Ransomware yang menargetkan 
            sektor Startup di wilayah Semarang. Menurut sumber dari 
            Kepolisian, insiden ini 
            terjadi pada 15 March 2022. Para ahli keamanan siber 
            menyarankan masyarakat untuk meningkatkan kewaspadaan terhadap ancaman 
            serupa. Kerugian diperkirakan mencapai ratusan juta hingga miliaran rupiah.",tribunnews.com,2022-03-15,Ransomware,Startup,Semarang,negative,44,2025-12-24 12:38:01.511065
NEWS-000399,Kominfo Blokir 830 Situs Terkait Hacking,"Laporan terbaru menunjukkan adanya kasus Hacking yang menargetkan 
            sektor Fintech di wilayah Jawa Barat. Menurut sumber dari 
            Kominfo, insiden ini 
            terjadi pada 26 May 2021. Para ahli keamanan siber 
            menyarankan masyarakat untuk meningkatkan kewaspadaan terhadap ancaman 
            serupa. Kerugian diperkirakan mencapai ratusan juta hingga miliaran rupiah.",detik.com,2021-05-26,Hacking,Fintech,Jawa Barat,neutral,45,2025-12-24 12:38:01.511119
NEWS-000400,Tips Lindungi Data dari Social Engineering Menurut Pakar Keamanan,"Laporan terbaru menunjukkan adanya kasus Social Engineering yang menargetkan 
            sektor E-Commerce di wilayah Bali. Menurut sumber dari 
            Kominfo, insiden ini 
            terjadi pada 28 July 2023. Para ahli keamanan siber 
            menyarankan masyarakat untuk meningkatkan kewaspadaan terhadap ancaman 
            serupa. Kerugian diperkirakan mencapai ratusan juta hingga miliaran rupiah.",kompas.com,2023-07-28,Social Engineering,E-Commerce,Bali,negative,45,2025-12-24 12:38:01.511175
NEWS-000401,Serangan Ransomware Menargetkan Kesehatan di Medan,"Laporan terbaru menunjukkan adanya kasus Ransomware yang menargetkan 
            sektor Kesehatan di wilayah Medan. Menurut sumber dari 
            Kominfo, insiden ini 
            terjadi pada 13 August 2023. Para ahli keamanan siber 
            menyarankan masyarakat untuk meningkatkan kewaspadaan terhadap ancaman 
            serupa. Kerugian diperkirakan mencapai ratusan juta hingga miliaran rupiah.",tempo.co,2023-08-13,Ransomware,Kesehatan,Medan,negative,44,2025-12-24 12:38:01.511244
NEWS-000402,Serangan Kebocoran Data Menargetkan Startup di Semarang,"Laporan terbaru menunjukkan adanya kasus Kebocoran Data yang menargetkan 
            sektor Startup di wilayah Semarang. Menurut sumber dari 
            Kominfo, insiden ini 
            terjadi pada 04 July 2024. Para ahli keamanan siber 
            menyarankan masyarakat untuk meningkatkan kewaspadaan terhadap ancaman 
            serupa. Kerugian diperkirakan mencapai ratusan juta hingga miliaran rupiah.",merdeka.com,2024-07-04,Kebocoran Data,Startup,Semarang,negative,45,2025-12-24 12:38:01.511303
NEWS-000403,Pendidikan Indonesia Jadi Target Utama Phishing,"Laporan terbaru menunjukkan adanya kasus Phishing yang menargetkan 
            sektor Pendidikan di wilayah Semarang. Menurut sumber dari 
            Kominfo, insiden ini 
            terjadi pada 19 January 2023. Para ahli keamanan siber 
            menyarankan masyarakat untuk meningkatkan kewaspadaan terhadap ancaman 
            serupa. Kerugian diperkirakan mencapai ratusan juta hingga miliaran rupiah.",detik.com,2023-01-19,Phishing,Pendidikan,Semarang,negative,44,2025-12-24 12:38:01.511357
NEWS-000404,Kerugian Akibat Penipuan Online Capai Rp 55 Miliar,"Laporan terbaru menunjukkan adanya kasus Penipuan Online yang menargetkan 
            sektor Pemerintahan di wilayah Yogyakarta. Menurut sumber dari 
            BSSN, insiden ini 
            terjadi pada 16 February 2024. Para ahli keamanan siber 
            menyarankan masyarakat untuk meningkatkan kewaspadaan terhadap ancaman 
            serupa. Kerugian diperkirakan mencapai ratusan juta hingga miliaran rupiah.",detik.com,2024-02-16,Penipuan Online,Pemerintahan,Yogyakarta,neutral,45,2025-12-24 12:38:01.511425
NEWS-000405,Kominfo Blokir 120 Situs Terkait Kebocoran Data,"Laporan terbaru menunjukkan adanya kasus Kebocoran Data yang menargetkan 
            sektor Startup di wilayah Surabaya. Menurut sumber dari 
            BSSN, insiden ini 
            terjadi pada 19 June 2022. Para ahli keamanan siber 
            menyarankan masyarakat untuk meningkatkan kewaspadaan terhadap ancaman 
            serupa. Kerugian diperkirakan mencapai ratusan juta hingga miliaran rupiah.",detik.com,2022-06-19,Kebocoran Data,Startup,Surabaya,neutral,45,2025-12-24 12:38:01.511491
NEWS-000406,Tips Lindungi Data dari Penipuan Online Menurut Pakar Keamanan,"Laporan terbaru menunjukkan adanya kasus Penipuan Online yang menargetkan 
            sektor UMKM di wilayah Jawa Timur. Menurut sumber dari 
            Kepolisian, insiden ini 
            terjadi pada 17 August 2022. Para ahli keamanan siber 
            menyarankan masyarakat untuk meningkatkan kewaspadaan terhadap ancaman 
            serupa. Kerugian diperkirakan mencapai ratusan juta hingga miliaran rupiah.",kompas.com,2022-08-17,Penipuan Online,UMKM,Jawa Timur,negative,46,2025-12-24 12:38:01.511548
NEWS-000407,Kominfo Blokir 758 Situs Terkait Penipuan Online,"Laporan terbaru menunjukkan adanya kasus Penipuan Online yang menargetkan 
            sektor UMKM di wilayah Jawa Timur. Menurut sumber dari 
            BSSN, insiden ini 
            terjadi pada 01 June 2024. Para ahli keamanan siber 
            menyarankan masyarakat untuk meningkatkan kewaspadaan terhadap ancaman 
            serupa. Kerugian diperkirakan mencapai ratusan juta hingga miliaran rupiah.",republika.co.id,2024-06-01,Penipuan Online,UMKM,Jawa Timur,neutral,46,2025-12-24 12:38:01.511607
NEWS-000408,UMKM Kehilangan Data Jutaan Pengguna Akibat Social Engineering,"Laporan terbaru menunjukkan adanya kasus Social Engineering yang menargetkan 
            sektor UMKM di wilayah Yogyakarta. Menurut sumber dari 
            Kominfo, insiden ini 
            terjadi pada 13 December 2023. Para ahli keamanan siber 
            menyarankan masyarakat untuk meningkatkan kewaspadaan terhadap ancaman 
            serupa. Kerugian diperkirakan mencapai ratusan juta hingga miliaran rupiah.",liputan6.com,2023-12-13,Social Engineering,UMKM,Yogyakarta,negative,45,2025-12-24 12:38:01.511666
NEWS-000409,Kerugian Akibat DDoS Capai Rp 359 Miliar,"Laporan terbaru menunjukkan adanya kasus DDoS yang menargetkan 
            sektor Telekomunikasi di wilayah Makassar. Menurut sumber dari 
            Kepolisian, insiden ini 
            terjadi pada 25 October 2023. Para ahli keamanan siber 
            menyarankan masyarakat untuk meningkatkan kewaspadaan terhadap ancaman 
            serupa. Kerugian diperkirakan mencapai ratusan juta hingga miliaran rupiah.",tempo.co,2023-10-25,DDoS,Telekomunikasi,Makassar,neutral,44,2025-12-24 12:38:01.511723
NEWS-000410,Kasus Kebocoran Data di Surabaya Meningkat 98%,"Laporan terbaru menunjukkan adanya kasus Kebocoran Data yang menargetkan 
            sektor Fintech di wilayah Surabaya. Menurut sumber dari 
            Kepolisian, insiden ini 
            terjadi pada 16 February 2021. Para ahli keamanan siber 
            menyarankan masyarakat untuk meningkatkan kewaspadaan terhadap ancaman 
            serupa. Kerugian diperkirakan mencapai ratusan juta hingga miliaran rupiah.",cnnindonesia.com,2021-02-16,Kebocoran Data,Fintech,Surabaya,positive,45,2025-12-24 12:38:01.511787
NEWS-000411,Kerugian Akibat Skimming Capai Rp 364 Miliar,"Laporan terbaru menunjukkan adanya kasus Skimming yang menargetkan 
            sektor UMKM di wilayah Semarang. Menurut sumber dari 
            Kepolisian, insiden ini 
            terjadi pada 06 March 2023. Para ahli keamanan siber 
            menyarankan masyarakat untuk meningkatkan kewaspadaan terhadap ancaman 
            serupa. Kerugian diperkirakan mencapai ratusan juta hingga miliaran rupiah.",merdeka.com,2023-03-06,Skimming,UMKM,Semarang,negative,44,2025-12-24 12:38:01.511847
NEWS-000412,Kominfo Blokir 545 Situs Terkait Skimming,"Laporan terbaru menunjukkan adanya kasus Skimming yang menargetkan 
            sektor Kesehatan di wilayah Yogyakarta. Menurut sumber dari 
            BSSN, insiden ini 
            terjadi pada 16 March 2024. Para ahli keamanan siber 
            menyarankan masyarakat untuk meningkatkan kewaspadaan terhadap ancaman 
            serupa. Kerugian diperkirakan mencapai ratusan juta hingga miliaran rupiah.",republika.co.id,2024-03-16,Skimming,Kesehatan,Yogyakarta,negative,44,2025-12-24 12:38:01.511903
NEWS-000413,Serangan Kebocoran Data Menargetkan Kesehatan di Jawa Timur,"Laporan terbaru menunjukkan adanya kasus Kebocoran Data yang menargetkan 
            sektor Kesehatan di wilayah Jawa Timur. Menurut sumber dari 
            Kepolisian, insiden ini 
            terjadi pada 03 October 2023. Para ahli keamanan siber 
            menyarankan masyarakat untuk meningkatkan kewaspadaan terhadap ancaman 
            serupa. Kerugian diperkirakan mencapai ratusan juta hingga miliaran rupiah.",liputan6.com,2023-10-03,Kebocoran Data,Kesehatan,Jawa Timur,negative,46,2025-12-24 12:38:01.511960
NEWS-000414,Kasus Phishing di Bali Meningkat 175%,"Laporan terbaru menunjukkan adanya kasus Phishing yang menargetkan 
            sektor Pendidikan di wilayah Bali. Menurut sumber dari 
            Kepolisian, insiden ini 
            terjadi pada 27 September 2023. Para ahli keamanan siber 
            menyarankan masyarakat untuk meningkatkan kewaspadaan terhadap ancaman 
            serupa. Kerugian diperkirakan mencapai ratusan juta hingga miliaran rupiah.",republika.co.id,2023-09-27,Phishing,Pendidikan,Bali,negative,44,2025-12-24 12:38:01.512022
NEWS-000415,Waspada! Modus Baru Phishing Melalui Media Sosial,"Laporan terbaru menunjukkan adanya kasus Phishing yang menargetkan 
            sektor Telekomunikasi di wilayah Yogyakarta. Menurut sumber dari 
            BSSN, insiden ini 
            terjadi pada 13 April 2024. Para ahli keamanan siber 
            menyarankan masyarakat untuk meningkatkan kewaspadaan terhadap ancaman 
            serupa. Kerugian diperkirakan mencapai ratusan juta hingga miliaran rupiah.",kompas.com,2024-04-13,Phishing,Telekomunikasi,Yogyakarta,neutral,44,2025-12-24 12:38:01.512079
NEWS-000416,Fintech Indonesia Jadi Target Utama Penipuan Online,"Laporan terbaru menunjukkan adanya kasus Penipuan Online yang menargetkan 
            sektor Fintech di wilayah Semarang. Menurut sumber dari 
            BSSN, insiden ini 
            terjadi pada 23 June 2021. Para ahli keamanan siber 
            menyarankan masyarakat untuk meningkatkan kewaspadaan terhadap ancaman 
            serupa. Kerugian diperkirakan mencapai ratusan juta hingga miliaran rupiah.",liputan6.com,2021-06-23,Penipuan Online,Fintech,Semarang,negative,45,2025-12-24 12:38:01.512137
NEWS-000417,BSSN Ungkap Lonjakan Kasus DDoS Sepanjang 2022,"Laporan terbaru menunjukkan adanya kasus DDoS yang menargetkan 
            sektor Pemerintahan di wilayah Medan. Menurut sumber dari 
            Kominfo, insiden ini 
            terjadi pada 07 July 2022. Para ahli keamanan siber 
            menyarankan masyarakat untuk meningkatkan kewaspadaan terhadap ancaman 
            serupa. Kerugian diperkirakan mencapai ratusan juta hingga miliaran rupiah.",liputan6.com,2022-07-07,DDoS,Pemerintahan,Medan,negative,44,2025-12-24 12:38:01.512195
NEWS-000418,Perbankan Kehilangan Data Jutaan Pengguna Akibat Malware,"Laporan terbaru menunjukkan adanya kasus Malware yang menargetkan 
            sektor Perbankan di wilayah Semarang. Menurut sumber dari 
            Kominfo, insiden ini 
            terjadi pada 28 April 2024. Para ahli keamanan siber 
            menyarankan masyarakat untuk meningkatkan kewaspadaan terhadap ancaman 
            serupa. Kerugian diperkirakan mencapai ratusan juta hingga miliaran rupiah.",kompas.com,2024-04-28,Malware,Perbankan,Semarang,neutral,44,2025-12-24 12:38:01.512253
NEWS-000419,Startup Kehilangan Data Jutaan Pengguna Akibat Malware,"Laporan terbaru menunjukkan adanya kasus Malware yang menargetkan 
            sektor Startup di wilayah Makassar. Menurut sumber dari 
            Kominfo, insiden ini 
            terjadi pada 18 December 2023. Para ahli keamanan siber 
            menyarankan masyarakat untuk meningkatkan kewaspadaan terhadap ancaman 
            serupa. Kerugian diperkirakan mencapai ratusan juta hingga miliaran rupiah.",tribunnews.com,2023-12-18,Malware,Startup,Makassar,positive,44,2025-12-24 12:38:01.512313
NEWS-000420,Kasus Ransomware di Jawa Timur Meningkat 99%,"Laporan terbaru menunjukkan adanya kasus Ransomware yang menargetkan 
            sektor UMKM di wilayah Jawa Timur. Menurut sumber dari 
            BSSN, insiden ini 
            terjadi pada 12 July 2020. Para ahli keamanan siber 
            menyarankan masyarakat untuk meningkatkan kewaspadaan terhadap ancaman 
            serupa. Kerugian diperkirakan mencapai ratusan juta hingga miliaran rupiah.",tribunnews.com,2020-07-12,Ransomware,UMKM,Jawa Timur,neutral,45,2025-12-24 12:38:01.512373
NEWS-000421,Polri Tangkap Pelaku Social Engineering yang Rugikan Korban Rp 487 Juta,"Laporan terbaru menunjukkan adanya kasus Social Engineering yang menargetkan 
            sektor Kesehatan di wilayah Surabaya. Menurut sumber dari 
            BSSN, insiden ini 
            terjadi pada 05 September 2020. Para ahli keamanan siber 
            menyarankan masyarakat untuk meningkatkan kewaspadaan terhadap ancaman 
            serupa. Kerugian diperkirakan mencapai ratusan juta hingga miliaran rupiah.",detik.com,2020-09-05,Social Engineering,Kesehatan,Surabaya,neutral,45,2025-12-24 12:38:01.512459
NEWS-000422,Tips Lindungi Data dari Kebocoran Data Menurut Pakar Keamanan,"Laporan terbaru menunjukkan adanya kasus Kebocoran Data yang menargetkan 
            sektor Fintech di wilayah Jakarta. Menurut sumber dari 
            Kominfo, insiden ini 
            terjadi pada 24 May 2022. Para ahli keamanan siber 
            menyarankan masyarakat untuk meningkatkan kewaspadaan terhadap ancaman 
            serupa. Kerugian diperkirakan mencapai ratusan juta hingga miliaran rupiah.",liputan6.com,2022-05-24,Kebocoran Data,Fintech,Jakarta,negative,45,2025-12-24 12:38:01.512516
NEWS-000423,Waspada! Modus Baru Phishing Melalui QR Code,"Laporan terbaru menunjukkan adanya kasus Phishing yang menargetkan 
            sektor UMKM di wilayah Semarang. Menurut sumber dari 
            Kominfo, insiden ini 
            terjadi pada 06 March 2023. Para ahli keamanan siber 
            menyarankan masyarakat untuk meningkatkan kewaspadaan terhadap ancaman 
            serupa. Kerugian diperkirakan mencapai ratusan juta hingga miliaran rupiah.",tribunnews.com,2023-03-06,Phishing,UMKM,Semarang,negative,44,2025-12-24 12:38:01.512574
NEWS-000424,BSSN Ungkap Lonjakan Kasus Ransomware Sepanjang 2022,"Laporan terbaru menunjukkan adanya kasus Ransomware yang menargetkan 
            sektor Pemerintahan di wilayah Medan. Menurut sumber dari 
            BSSN, insiden ini 
            terjadi pada 23 January 2022. Para ahli keamanan siber 
            menyarankan masyarakat untuk meningkatkan kewaspadaan terhadap ancaman 
            serupa. Kerugian diperkirakan mencapai ratusan juta hingga miliaran rupiah.",tribunnews.com,2022-01-23,Ransomware,Pemerintahan,Medan,neutral,44,2025-12-24 12:38:01.512628
NEWS-000425,Kominfo Blokir 672 Situs Terkait Ransomware,"Laporan terbaru menunjukkan adanya kasus Ransomware yang menargetkan 
            sektor Fintech di wilayah Medan. Menurut sumber dari 
            Kepolisian, insiden ini 
            terjadi pada 06 August 2022. Para ahli keamanan siber 
            menyarankan masyarakat untuk meningkatkan kewaspadaan terhadap ancaman 
            serupa. Kerugian diperkirakan mencapai ratusan juta hingga miliaran rupiah.",cnnindonesia.com,2022-08-06,Ransomware,Fintech,Medan,negative,44,2025-12-24 12:38:01.512688
NEWS-000426,Polri Tangkap Pelaku Phishing yang Rugikan Korban Rp 28 Juta,"Laporan terbaru menunjukkan adanya kasus Phishing yang menargetkan 
            sektor E-Commerce di wilayah Jawa Barat. Menurut sumber dari 
            Kepolisian, insiden ini 
            terjadi pada 17 November 2021. Para ahli keamanan siber 
            menyarankan masyarakat untuk meningkatkan kewaspadaan terhadap ancaman 
            serupa. Kerugian diperkirakan mencapai ratusan juta hingga miliaran rupiah.",detik.com,2021-11-17,Phishing,E-Commerce,Jawa Barat,negative,45,2025-12-24 12:38:01.512749
NEWS-000427,Telekomunikasi Indonesia Jadi Target Utama Malware,"Laporan terbaru menunjukkan adanya kasus Malware yang menargetkan 
            sektor Telekomunikasi di wilayah Yogyakarta. Menurut sumber dari 
            BSSN, insiden ini 
            terjadi pada 01 January 2023. Para ahli keamanan siber 
            menyarankan masyarakat untuk meningkatkan kewaspadaan terhadap ancaman 
            serupa. Kerugian diperkirakan mencapai ratusan juta hingga miliaran rupiah.",republika.co.id,2023-01-01,Malware,Telekomunikasi,Yogyakarta,neutral,44,2025-12-24 12:38:01.512804
NEWS-000428,Kasus Phishing di Makassar Meningkat 138%,"Laporan terbaru menunjukkan adanya kasus Phishing yang menargetkan 
            sektor E-Commerce di wilayah Makassar. Menurut sumber dari 
            BSSN, insiden ini 
            terjadi pada 21 August 2020. Para ahli keamanan siber 
            menyarankan masyarakat untuk meningkatkan kewaspadaan terhadap ancaman 
            serupa. Kerugian diperkirakan mencapai ratusan juta hingga miliaran rupiah.",liputan6.com,2020-08-21,Phishing,E-Commerce,Makassar,neutral,44,2025-12-24 12:38:01.512861
NEWS-000429,Waspada! Modus Baru Ransomware Melalui Website Palsu,"Laporan terbaru menunjukkan adanya kasus Ransomware yang menargetkan 
            sektor Kesehatan di wilayah Bali. Menurut sumber dari 
            BSSN, insiden ini 
            terjadi pada 13 November 2023. Para ahli keamanan siber 
            menyarankan masyarakat untuk meningkatkan kewaspadaan terhadap ancaman 
            serupa. Kerugian diperkirakan mencapai ratusan juta hingga miliaran rupiah.",merdeka.com,2023-11-13,Ransomware,Kesehatan,Bali,negative,44,2025-12-24 12:38:01.512917
NEWS-000430,Telekomunikasi Indonesia Jadi Target Utama DDoS,"Laporan terbaru menunjukkan adanya kasus DDoS yang menargetkan 
            sektor Telekomunikasi di wilayah Medan. Menurut sumber dari 
            Kepolisian, insiden ini 
            terjadi pada 19 December 2022. Para ahli keamanan siber 
            menyarankan masyarakat untuk meningkatkan kewaspadaan terhadap ancaman 
            serupa. Kerugian diperkirakan mencapai ratusan juta hingga miliaran rupiah.",tempo.co,2022-12-19,DDoS,Telekomunikasi,Medan,positive,44,2025-12-24 12:38:01.512974
NEWS-000431,Serangan Skimming Menargetkan UMKM di Jawa Timur,"Laporan terbaru menunjukkan adanya kasus Skimming yang menargetkan 
            sektor UMKM di wilayah Jawa Timur. Menurut sumber dari 
            Kepolisian, insiden ini 
            terjadi pada 02 August 2023. Para ahli keamanan siber 
            menyarankan masyarakat untuk meningkatkan kewaspadaan terhadap ancaman 
            serupa. Kerugian diperkirakan mencapai ratusan juta hingga miliaran rupiah.",republika.co.id,2023-08-02,Skimming,UMKM,Jawa Timur,negative,45,2025-12-24 12:38:01.513042
NEWS-000432,BSSN Ungkap Lonjakan Kasus Malware Sepanjang 2020,"Laporan terbaru menunjukkan adanya kasus Malware yang menargetkan 
            sektor Fintech di wilayah Semarang. Menurut sumber dari 
            Kepolisian, insiden ini 
            terjadi pada 14 October 2020. Para ahli keamanan siber 
            menyarankan masyarakat untuk meningkatkan kewaspadaan terhadap ancaman 
            serupa. Kerugian diperkirakan mencapai ratusan juta hingga miliaran rupiah.",cnnindonesia.com,2020-10-14,Malware,Fintech,Semarang,negative,44,2025-12-24 12:38:01.513096
NEWS-000433,Fintech Indonesia Jadi Target Utama Malware,"Laporan terbaru menunjukkan adanya kasus Malware yang menargetkan 
            sektor Fintech di wilayah Jawa Barat. Menurut sumber dari 
            Kominfo, insiden ini 
            terjadi pada 03 June 2022. Para ahli keamanan siber 
            menyarankan masyarakat untuk meningkatkan kewaspadaan terhadap ancaman 
            serupa. Kerugian diperkirakan mencapai ratusan juta hingga miliaran rupiah.",detik.com,2022-06-03,Malware,Fintech,Jawa Barat,negative,45,2025-12-24 12:38:01.513145
NEWS-000434,BSSN Ungkap Lonjakan Kasus Malware Sepanjang 2024,"Laporan terbaru menunjukkan adanya kasus Malware yang menargetkan 
            sektor E-Commerce di wilayah Surabaya. Menurut sumber dari 
            Kominfo, insiden ini 
            terjadi pada 15 June 2024. Para ahli keamanan siber 
            menyarankan masyarakat untuk meningkatkan kewaspadaan terhadap ancaman 
            serupa. Kerugian diperkirakan mencapai ratusan juta hingga miliaran rupiah.",cnnindonesia.com,2024-06-15,Malware,E-Commerce,Surabaya,neutral,44,2025-12-24 12:38:01.513192
NEWS-000435,Kesehatan Indonesia Jadi Target Utama Ransomware,"Laporan terbaru menunjukkan adanya kasus Ransomware yang menargetkan 
            sektor Kesehatan di wilayah Makassar. Menurut sumber dari 
            Kominfo, insiden ini 
            terjadi pada 30 July 2022. Para ahli keamanan siber 
            menyarankan masyarakat untuk meningkatkan kewaspadaan terhadap ancaman 
            serupa. Kerugian diperkirakan mencapai ratusan juta hingga miliaran rupiah.",tempo.co,2022-07-30,Ransomware,Kesehatan,Makassar,neutral,44,2025-12-24 12:38:01.513237
NEWS-000436,Waspada! Modus Baru DDoS Melalui Website Palsu,"Laporan terbaru menunjukkan adanya kasus DDoS yang menargetkan 
            sektor Pendidikan di wilayah Semarang. Menurut sumber dari 
            Kominfo, insiden ini 
            terjadi pada 28 November 2023. Para ahli keamanan siber 
            menyarankan masyarakat untuk meningkatkan kewaspadaan terhadap ancaman 
            serupa. Kerugian diperkirakan mencapai ratusan juta hingga miliaran rupiah.",tribunnews.com,2023-11-28,DDoS,Pendidikan,Semarang,neutral,44,2025-12-24 12:38:01.513284
NEWS-000437,Kominfo Blokir 908 Situs Terkait Malware,"Laporan terbaru menunjukkan adanya kasus Malware yang menargetkan 
            sektor Pendidikan di wilayah Jawa Timur. Menurut sumber dari 
            Kominfo, insiden ini 
            terjadi pada 03 January 2023. Para ahli keamanan siber 
            menyarankan masyarakat untuk meningkatkan kewaspadaan terhadap ancaman 
            serupa. Kerugian diperkirakan mencapai ratusan juta hingga miliaran rupiah.",merdeka.com,2023-01-03,Malware,Pendidikan,Jawa Timur,negative,45,2025-12-24 12:38:01.513332
NEWS-000438,Waspada! Modus Baru Penipuan Online Melalui Email,"Laporan terbaru menunjukkan adanya kasus Penipuan Online yang menargetkan 
            sektor UMKM di wilayah Jawa Barat. Menurut sumber dari 
            BSSN, insiden ini 
            terjadi pada 16 November 2021. Para ahli keamanan siber 
            menyarankan masyarakat untuk meningkatkan kewaspadaan terhadap ancaman 
            serupa. Kerugian diperkirakan mencapai ratusan juta hingga miliaran rupiah.",tribunnews.com,2021-11-16,Penipuan Online,UMKM,Jawa Barat,negative,46,2025-12-24 12:38:01.513379
NEWS-000439,BSSN Ungkap Lonjakan Kasus Ransomware Sepanjang 2024,"Laporan terbaru menunjukkan adanya kasus Ransomware yang menargetkan 
            sektor Perbankan di wilayah Medan. Menurut sumber dari 
            Kepolisian, insiden ini 
            terjadi pada 05 December 2024. Para ahli keamanan siber 
            menyarankan masyarakat untuk meningkatkan kewaspadaan terhadap ancaman 
            serupa. Kerugian diperkirakan mencapai ratusan juta hingga miliaran rupiah.",republika.co.id,2024-12-05,Ransomware,Perbankan,Medan,neutral,44,2025-12-24 12:38:01.513442
NEWS-000440,UMKM Indonesia Jadi Target Utama Phishing,"Laporan terbaru menunjukkan adanya kasus Phishing yang menargetkan 
            sektor UMKM di wilayah Bandung. Menurut sumber dari 
            Kominfo, insiden ini 
            terjadi pada 26 July 2023. Para ahli keamanan siber 
            menyarankan masyarakat untuk meningkatkan kewaspadaan terhadap ancaman 
            serupa. Kerugian diperkirakan mencapai ratusan juta hingga miliaran rupiah.",republika.co.id,2023-07-26,Phishing,UMKM,Bandung,negative,44,2025-12-24 12:38:01.513491
NEWS-000441,Pemerintahan Kehilangan Data Jutaan Pengguna Akibat Malware,"Laporan terbaru menunjukkan adanya kasus Malware yang menargetkan 
            sektor Pemerintahan di wilayah Bali. Menurut sumber dari 
            Kepolisian, insiden ini 
            terjadi pada 07 September 2024. Para ahli keamanan siber 
            menyarankan masyarakat untuk meningkatkan kewaspadaan terhadap ancaman 
            serupa. Kerugian diperkirakan mencapai ratusan juta hingga miliaran rupiah.",kompas.com,2024-09-07,Malware,Pemerintahan,Bali,neutral,44,2025-12-24 12:38:01.513553
NEWS-000442,UMKM Kehilangan Data Jutaan Pengguna Akibat DDoS,"Laporan terbaru menunjukkan adanya kasus DDoS yang menargetkan 
            sektor UMKM di wilayah Jawa Timur. Menurut sumber dari 
            Kepolisian, insiden ini 
            terjadi pada 12 August 2021. Para ahli keamanan siber 
            menyarankan masyarakat untuk meningkatkan kewaspadaan terhadap ancaman 
            serupa. Kerugian diperkirakan mencapai ratusan juta hingga miliaran rupiah.",cnnindonesia.com,2021-08-12,DDoS,UMKM,Jawa Timur,neutral,45,2025-12-24 12:38:01.513600
NEWS-000443,Tips Lindungi Data dari Social Engineering Menurut Pakar Keamanan,"Laporan terbaru menunjukkan adanya kasus Social Engineering yang menargetkan 
            sektor Perbankan di wilayah Surabaya. Menurut sumber dari 
            Kominfo, insiden ini 
            terjadi pada 19 February 2021. Para ahli keamanan siber 
            menyarankan masyarakat untuk meningkatkan kewaspadaan terhadap ancaman 
            serupa. Kerugian diperkirakan mencapai ratusan juta hingga miliaran rupiah.",tempo.co,2021-02-19,Social Engineering,Perbankan,Surabaya,negative,45,2025-12-24 12:38:01.513646
NEWS-000444,Pendidikan Indonesia Jadi Target Utama Skimming,"Laporan terbaru menunjukkan adanya kasus Skimming yang menargetkan 
            sektor Pendidikan di wilayah Yogyakarta. Menurut sumber dari 
            BSSN, insiden ini 
            terjadi pada 02 October 2023. Para ahli keamanan siber 
            menyarankan masyarakat untuk meningkatkan kewaspadaan terhadap ancaman 
            serupa. Kerugian diperkirakan mencapai ratusan juta hingga miliaran rupiah.",tempo.co,2023-10-02,Skimming,Pendidikan,Yogyakarta,negative,44,2025-12-24 12:38:01.513694
NEWS-000445,Kasus Malware di Makassar Meningkat 177%,"Laporan terbaru menunjukkan adanya kasus Malware yang menargetkan 
            sektor Kesehatan di wilayah Makassar. Menurut sumber dari 
            Kominfo, insiden ini 
            terjadi pada 06 June 2023. Para ahli keamanan siber 
            menyarankan masyarakat untuk meningkatkan kewaspadaan terhadap ancaman 
            serupa. Kerugian diperkirakan mencapai ratusan juta hingga miliaran rupiah.",tempo.co,2023-06-06,Malware,Kesehatan,Makassar,negative,44,2025-12-24 12:38:01.513741
NEWS-000446,BSSN Ungkap Lonjakan Kasus Skimming Sepanjang 2022,"Laporan terbaru menunjukkan adanya kasus Skimming yang menargetkan 
            sektor Kesehatan di wilayah Yogyakarta. Menurut sumber dari 
            Kominfo, insiden ini 
            terjadi pada 21 October 2022. Para ahli keamanan siber 
            menyarankan masyarakat untuk meningkatkan kewaspadaan terhadap ancaman 
            serupa. Kerugian diperkirakan mencapai ratusan juta hingga miliaran rupiah.",tempo.co,2022-10-21,Skimming,Kesehatan,Yogyakarta,negative,44,2025-12-24 12:38:01.513792
NEWS-000447,Tips Lindungi Data dari Phishing Menurut Pakar Keamanan,"Laporan terbaru menunjukkan adanya kasus Phishing yang menargetkan 
            sektor UMKM di wilayah Jawa Timur. Menurut sumber dari 
            Kepolisian, insiden ini 
            terjadi pada 24 November 2023. Para ahli keamanan siber 
            menyarankan masyarakat untuk meningkatkan kewaspadaan terhadap ancaman 
            serupa. Kerugian diperkirakan mencapai ratusan juta hingga miliaran rupiah.",liputan6.com,2023-11-24,Phishing,UMKM,Jawa Timur,negative,45,2025-12-24 12:38:01.513846
NEWS-000448,Kerugian Akibat DDoS Capai Rp 368 Miliar,"Laporan terbaru menunjukkan adanya kasus DDoS yang menargetkan 
            sektor Pendidikan di wilayah Makassar. Menurut sumber dari 
            Kominfo, insiden ini 
            terjadi pada 04 June 2022. Para ahli keamanan siber 
            menyarankan masyarakat untuk meningkatkan kewaspadaan terhadap ancaman 
            serupa. Kerugian diperkirakan mencapai ratusan juta hingga miliaran rupiah.",tempo.co,2022-06-04,DDoS,Pendidikan,Makassar,neutral,44,2025-12-24 12:38:01.513897
NEWS-000449,Tips Lindungi Data dari Penipuan Online Menurut Pakar Keamanan,"Laporan terbaru menunjukkan adanya kasus Penipuan Online yang menargetkan 
            sektor Startup di wilayah Surabaya. Menurut sumber dari 
            BSSN, insiden ini 
            terjadi pada 08 September 2021. Para ahli keamanan siber 
            menyarankan masyarakat untuk meningkatkan kewaspadaan terhadap ancaman 
            serupa. Kerugian diperkirakan mencapai ratusan juta hingga miliaran rupiah.",tribunnews.com,2021-09-08,Penipuan Online,Startup,Surabaya,negative,45,2025-12-24 12:38:01.513944
NEWS-000450,Pemerintahan Kehilangan Data Jutaan Pengguna Akibat DDoS,"Laporan terbaru menunjukkan adanya kasus DDoS yang menargetkan 
            sektor Pemerintahan di wilayah Medan. Menurut sumber dari 
            Kominfo, insiden ini 
            terjadi pada 30 June 2021. Para ahli keamanan siber 
            menyarankan masyarakat untuk meningkatkan kewaspadaan terhadap ancaman 
            serupa. Kerugian diperkirakan mencapai ratusan juta hingga miliaran rupiah.",cnnindonesia.com,2021-06-30,DDoS,Pemerintahan,Medan,negative,44,2025-12-24 12:38:01.513991
NEWS-000451,Kominfo Blokir 631 Situs Terkait Phishing,"Laporan terbaru menunjukkan adanya kasus Phishing yang menargetkan 
            sektor Kesehatan di wilayah Jawa Barat. Menurut sumber dari 
            Kominfo, insiden ini 
            terjadi pada 18 April 2023. Para ahli keamanan siber 
            menyarankan masyarakat untuk meningkatkan kewaspadaan terhadap ancaman 
            serupa. Kerugian diperkirakan mencapai ratusan juta hingga miliaran rupiah.",cnnindonesia.com,2023-04-18,Phishing,Kesehatan,Jawa Barat,negative,45,2025-12-24 12:38:01.514046
NEWS-000452,Kominfo Blokir 181 Situs Terkait DDoS,"Laporan terbaru menunjukkan adanya kasus DDoS yang menargetkan 
            sektor Pemerintahan di wilayah Makassar. Menurut sumber dari 
            Kepolisian, insiden ini 
            terjadi pada 01 August 2021. Para ahli keamanan siber 
            menyarankan masyarakat untuk meningkatkan kewaspadaan terhadap ancaman 
            serupa. Kerugian diperkirakan mencapai ratusan juta hingga miliaran rupiah.",tempo.co,2021-08-01,DDoS,Pemerintahan,Makassar,neutral,44,2025-12-24 12:38:01.514100
NEWS-000453,Fintech Kehilangan Data Jutaan Pengguna Akibat Ransomware,"Laporan terbaru menunjukkan adanya kasus Ransomware yang menargetkan 
            sektor Fintech di wilayah Yogyakarta. Menurut sumber dari 
            BSSN, insiden ini 
            terjadi pada 14 June 2024. Para ahli keamanan siber 
            menyarankan masyarakat untuk meningkatkan kewaspadaan terhadap ancaman 
            serupa. Kerugian diperkirakan mencapai ratusan juta hingga miliaran rupiah.",republika.co.id,2024-06-14,Ransomware,Fintech,Yogyakarta,neutral,44,2025-12-24 12:38:01.514149
NEWS-000454,Pemerintahan Kehilangan Data Jutaan Pengguna Akibat Ransomware,"Laporan terbaru menunjukkan adanya kasus Ransomware yang menargetkan 
            sektor Pemerintahan di wilayah Bali. Menurut sumber dari 
            Kepolisian, insiden ini 
            terjadi pada 13 September 2023. Para ahli keamanan siber 
            menyarankan masyarakat untuk meningkatkan kewaspadaan terhadap ancaman 
            serupa. Kerugian diperkirakan mencapai ratusan juta hingga miliaran rupiah.",detik.com,2023-09-13,Ransomware,Pemerintahan,Bali,negative,44,2025-12-24 12:38:01.514197
NEWS-000455,Kerugian Akibat Skimming Capai Rp 268 Miliar,"Laporan terbaru menunjukkan adanya kasus Skimming yang menargetkan 
            sektor Perbankan di wilayah Yogyakarta. Menurut sumber dari 
            Kepolisian, insiden ini 
            terjadi pada 27 December 2023. Para ahli keamanan siber 
            menyarankan masyarakat untuk meningkatkan kewaspadaan terhadap ancaman 
            serupa. Kerugian diperkirakan mencapai ratusan juta hingga miliaran rupiah.",republika.co.id,2023-12-27,Skimming,Perbankan,Yogyakarta,negative,44,2025-12-24 12:38:01.514241
NEWS-000456,Tips Lindungi Data dari Hacking Menurut Pakar Keamanan,"Laporan terbaru menunjukkan adanya kasus Hacking yang menargetkan 
            sektor Pendidikan di wilayah Makassar. Menurut sumber dari 
            Kominfo, insiden ini 
            terjadi pada 02 July 2024. Para ahli keamanan siber 
            menyarankan masyarakat untuk meningkatkan kewaspadaan terhadap ancaman 
            serupa. Kerugian diperkirakan mencapai ratusan juta hingga miliaran rupiah.",merdeka.com,2024-07-02,Hacking,Pendidikan,Makassar,neutral,44,2025-12-24 12:38:01.514281
NEWS-000457,BSSN Ungkap Lonjakan Kasus Malware Sepanjang 2023,"Laporan terbaru menunjukkan adanya kasus Malware yang menargetkan 
            sektor UMKM di wilayah Yogyakarta. Menurut sumber dari 
            Kepolisian, insiden ini 
            terjadi pada 25 April 2023. Para ahli keamanan siber 
            menyarankan masyarakat untuk meningkatkan kewaspadaan terhadap ancaman 
            serupa. Kerugian diperkirakan mencapai ratusan juta hingga miliaran rupiah.",kompas.com,2023-04-25,Malware,UMKM,Yogyakarta,negative,44,2025-12-24 12:38:01.514323
NEWS-000458,BSSN Ungkap Lonjakan Kasus Skimming Sepanjang 2022,"Laporan terbaru menunjukkan adanya kasus Skimming yang menargetkan 
            sektor Perbankan di wilayah Yogyakarta. Menurut sumber dari 
            Kominfo, insiden ini 
            terjadi pada 19 February 2022. Para ahli keamanan siber 
            menyarankan masyarakat untuk meningkatkan kewaspadaan terhadap ancaman 
            serupa. Kerugian diperkirakan mencapai ratusan juta hingga miliaran rupiah.",tempo.co,2022-02-19,Skimming,Perbankan,Yogyakarta,negative,44,2025-12-24 12:38:01.514363
NEWS-000459,Kominfo Blokir 636 Situs Terkait Malware,"Laporan terbaru menunjukkan adanya kasus Malware yang menargetkan 
            sektor Kesehatan di wilayah Medan. Menurut sumber dari 
            Kepolisian, insiden ini 
            terjadi pada 30 April 2021. Para ahli keamanan siber 
            menyarankan masyarakat untuk meningkatkan kewaspadaan terhadap ancaman 
            serupa. Kerugian diperkirakan mencapai ratusan juta hingga miliaran rupiah.",republika.co.id,2021-04-30,Malware,Kesehatan,Medan,neutral,44,2025-12-24 12:38:01.514415
NEWS-000460,Kominfo Blokir 582 Situs Terkait Skimming,"Laporan terbaru menunjukkan adanya kasus Skimming yang menargetkan 
            sektor UMKM di wilayah Bali. Menurut sumber dari 
            Kominfo, insiden ini 
            terjadi pada 03 February 2023. Para ahli keamanan siber 
            menyarankan masyarakat untuk meningkatkan kewaspadaan terhadap ancaman 
            serupa. Kerugian diperkirakan mencapai ratusan juta hingga miliaran rupiah.",liputan6.com,2023-02-03,Skimming,UMKM,Bali,positive,44,2025-12-24 12:38:01.514456
NEWS-000461,Telekomunikasi Kehilangan Data Jutaan Pengguna Akibat Social Engineering,"Laporan terbaru menunjukkan adanya kasus Social Engineering yang menargetkan 
            sektor Telekomunikasi di wilayah Jawa Timur. Menurut sumber dari 
            Kominfo, insiden ini 
            terjadi pada 26 June 2021. Para ahli keamanan siber 
            menyarankan masyarakat untuk meningkatkan kewaspadaan terhadap ancaman 
            serupa. Kerugian diperkirakan mencapai ratusan juta hingga miliaran rupiah.",cnnindonesia.com,2021-06-26,Social Engineering,Telekomunikasi,Jawa Timur,negative,46,2025-12-24 12:38:01.514505
NEWS-000462,Kasus Hacking di Medan Meningkat 109%,"Laporan terbaru menunjukkan adanya kasus Hacking yang menargetkan 
            sektor Pendidikan di wilayah Medan. Menurut sumber dari 
            Kepolisian, insiden ini 
            terjadi pada 24 August 2021. Para ahli keamanan siber 
            menyarankan masyarakat untuk meningkatkan kewaspadaan terhadap ancaman 
            serupa. Kerugian diperkirakan mencapai ratusan juta hingga miliaran rupiah.",kompas.com,2021-08-24,Hacking,Pendidikan,Medan,neutral,44,2025-12-24 12:38:01.514548
NEWS-000463,Kerugian Akibat Penipuan Online Capai Rp 33 Miliar,"Laporan terbaru menunjukkan adanya kasus Penipuan Online yang menargetkan 
            sektor Telekomunikasi di wilayah Jawa Barat. Menurut sumber dari 
            BSSN, insiden ini 
            terjadi pada 14 May 2021. Para ahli keamanan siber 
            menyarankan masyarakat untuk meningkatkan kewaspadaan terhadap ancaman 
            serupa. Kerugian diperkirakan mencapai ratusan juta hingga miliaran rupiah.",kompas.com,2021-05-14,Penipuan Online,Telekomunikasi,Jawa Barat,neutral,46,2025-12-24 12:38:01.514594
NEWS-000464,Kominfo Blokir 665 Situs Terkait Skimming,"Laporan terbaru menunjukkan adanya kasus Skimming yang menargetkan 
            sektor Kesehatan di wilayah Makassar. Menurut sumber dari 
            Kominfo, insiden ini 
            terjadi pada 22 August 2023. Para ahli keamanan siber 
            menyarankan masyarakat untuk meningkatkan kewaspadaan terhadap ancaman 
            serupa. Kerugian diperkirakan mencapai ratusan juta hingga miliaran rupiah.",kompas.com,2023-08-22,Skimming,Kesehatan,Makassar,negative,44,2025-12-24 12:38:01.514637
NEWS-000465,Kasus Malware di Jakarta Meningkat 53%,"Laporan terbaru menunjukkan adanya kasus Malware yang menargetkan 
            sektor Fintech di wilayah Jakarta. Menurut sumber dari 
            Kepolisian, insiden ini 
            terjadi pada 25 May 2022. Para ahli keamanan siber 
            menyarankan masyarakat untuk meningkatkan kewaspadaan terhadap ancaman 
            serupa. Kerugian diperkirakan mencapai ratusan juta hingga miliaran rupiah.",kompas.com,2022-05-25,Malware,Fintech,Jakarta,negative,44,2025-12-24 12:38:01.514679
NEWS-000466,Serangan DDoS Menargetkan E-Commerce di Bandung,"Laporan terbaru menunjukkan adanya kasus DDoS yang menargetkan 
            sektor E-Commerce di wilayah Bandung. Menurut sumber dari 
            Kominfo, insiden ini 
            terjadi pada 06 October 2022. Para ahli keamanan siber 
            menyarankan masyarakat untuk meningkatkan kewaspadaan terhadap ancaman 
            serupa. Kerugian diperkirakan mencapai ratusan juta hingga miliaran rupiah.",republika.co.id,2022-10-06,DDoS,E-Commerce,Bandung,negative,44,2025-12-24 12:38:01.514721
NEWS-000467,Kasus Phishing di Jawa Barat Meningkat 153%,"Laporan terbaru menunjukkan adanya kasus Phishing yang menargetkan 
            sektor E-Commerce di wilayah Jawa Barat. Menurut sumber dari 
            Kepolisian, insiden ini 
            terjadi pada 10 August 2021. Para ahli keamanan siber 
            menyarankan masyarakat untuk meningkatkan kewaspadaan terhadap ancaman 
            serupa. Kerugian diperkirakan mencapai ratusan juta hingga miliaran rupiah.",tempo.co,2021-08-10,Phishing,E-Commerce,Jawa Barat,negative,45,2025-12-24 12:38:01.514762
NEWS-000468,Waspada! Modus Baru Kebocoran Data Melalui Website Palsu,"Laporan terbaru menunjukkan adanya kasus Kebocoran Data yang menargetkan 
            sektor Fintech di wilayah Bali. Menurut sumber dari 
            Kominfo, insiden ini 
            terjadi pada 23 January 2022. Para ahli keamanan siber 
            menyarankan masyarakat untuk meningkatkan kewaspadaan terhadap ancaman 
            serupa. Kerugian diperkirakan mencapai ratusan juta hingga miliaran rupiah.",cnnindonesia.com,2022-01-23,Kebocoran Data,Fintech,Bali,negative,45,2025-12-24 12:38:01.514802
NEWS-000469,BSSN Ungkap Lonjakan Kasus Skimming Sepanjang 2023,"Laporan terbaru menunjukkan adanya kasus Skimming yang menargetkan 
            sektor E-Commerce di wilayah Medan. Menurut sumber dari 
            Kepolisian, insiden ini 
            terjadi pada 15 October 2023. Para ahli keamanan siber 
            menyarankan masyarakat untuk meningkatkan kewaspadaan terhadap ancaman 
            serupa. Kerugian diperkirakan mencapai ratusan juta hingga miliaran rupiah.",liputan6.com,2023-10-15,Skimming,E-Commerce,Medan,neutral,44,2025-12-24 12:38:01.514842
NEWS-000470,Startup Kehilangan Data Jutaan Pengguna Akibat Malware,"Laporan terbaru menunjukkan adanya kasus Malware yang menargetkan 
            sektor Startup di wilayah Yogyakarta. Menurut sumber dari 
            Kominfo, insiden ini 
            terjadi pada 22 December 2020. Para ahli keamanan siber 
            menyarankan masyarakat untuk meningkatkan kewaspadaan terhadap ancaman 
            serupa. Kerugian diperkirakan mencapai ratusan juta hingga miliaran rupiah.",merdeka.com,2020-12-22,Malware,Startup,Yogyakarta,neutral,44,2025-12-24 12:38:01.514883
NEWS-000471,Startup Kehilangan Data Jutaan Pengguna Akibat Phishing,"Laporan terbaru menunjukkan adanya kasus Phishing yang menargetkan 
            sektor Startup di wilayah Jawa Barat. Menurut sumber dari 
            BSSN, insiden ini 
            terjadi pada 27 August 2023. Para ahli keamanan siber 
            menyarankan masyarakat untuk meningkatkan kewaspadaan terhadap ancaman 
            serupa. Kerugian diperkirakan mencapai ratusan juta hingga miliaran rupiah.",tribunnews.com,2023-08-27,Phishing,Startup,Jawa Barat,neutral,45,2025-12-24 12:38:01.514930
NEWS-000472,Kominfo Blokir 264 Situs Terkait Social Engineering,"Laporan terbaru menunjukkan adanya kasus Social Engineering yang menargetkan 
            sektor UMKM di wilayah Medan. Menurut sumber dari 
            BSSN, insiden ini 
            terjadi pada 22 March 2024. Para ahli keamanan siber 
            menyarankan masyarakat untuk meningkatkan kewaspadaan terhadap ancaman 
            serupa. Kerugian diperkirakan mencapai ratusan juta hingga miliaran rupiah.",republika.co.id,2024-03-22,Social Engineering,UMKM,Medan,neutral,45,2025-12-24 12:38:01.514972
NEWS-000473,Polri Tangkap Pelaku Ransomware yang Rugikan Korban Rp 244 Juta,"Laporan terbaru menunjukkan adanya kasus Ransomware yang menargetkan 
            sektor UMKM di wilayah Jawa Timur. Menurut sumber dari 
            Kepolisian, insiden ini 
            terjadi pada 25 July 2023. Para ahli keamanan siber 
            menyarankan masyarakat untuk meningkatkan kewaspadaan terhadap ancaman 
            serupa. Kerugian diperkirakan mencapai ratusan juta hingga miliaran rupiah.",liputan6.com,2023-07-25,Ransomware,UMKM,Jawa Timur,negative,45,2025-12-24 12:38:01.515017
NEWS-000474,Fintech Indonesia Jadi Target Utama Penipuan Online,"Laporan terbaru menunjukkan adanya kasus Penipuan Online yang menargetkan 
            sektor Fintech di wilayah Surabaya. Menurut sumber dari 
            BSSN, insiden ini 
            terjadi pada 23 October 2021. Para ahli keamanan siber 
            menyarankan masyarakat untuk meningkatkan kewaspadaan terhadap ancaman 
            serupa. Kerugian diperkirakan mencapai ratusan juta hingga miliaran rupiah.",tribunnews.com,2021-10-23,Penipuan Online,Fintech,Surabaya,negative,45,2025-12-24 12:38:01.515059
NEWS-000475,Pemerintahan Indonesia Jadi Target Utama Social Engineering,"Laporan terbaru menunjukkan adanya kasus Social Engineering yang menargetkan 
            sektor Pemerintahan di wilayah Jawa Barat. Menurut sumber dari 
            Kominfo, insiden ini 
            terjadi pada 23 September 2022. Para ahli keamanan siber 
            menyarankan masyarakat untuk meningkatkan kewaspadaan terhadap ancaman 
            serupa. Kerugian diperkirakan mencapai ratusan juta hingga miliaran rupiah.",kompas.com,2022-09-23,Social Engineering,Pemerintahan,Jawa Barat,neutral,46,2025-12-24 12:38:01.515101
NEWS-000476,Kasus Phishing di Semarang Meningkat 157%,"Laporan terbaru menunjukkan adanya kasus Phishing yang menargetkan 
            sektor Startup di wilayah Semarang. Menurut sumber dari 
            Kominfo, insiden ini 
            terjadi pada 13 September 2021. Para ahli keamanan siber 
            menyarankan masyarakat untuk meningkatkan kewaspadaan terhadap ancaman 
            serupa. Kerugian diperkirakan mencapai ratusan juta hingga miliaran rupiah.",merdeka.com,2021-09-13,Phishing,Startup,Semarang,negative,44,2025-12-24 12:38:01.515148
NEWS-000477,Kasus Malware di Surabaya Meningkat 144%,"Laporan terbaru menunjukkan adanya kasus Malware yang menargetkan 
            sektor Telekomunikasi di wilayah Surabaya. Menurut sumber dari 
            Kominfo, insiden ini 
            terjadi pada 11 June 2022. Para ahli keamanan siber 
            menyarankan masyarakat untuk meningkatkan kewaspadaan terhadap ancaman 
            serupa. Kerugian diperkirakan mencapai ratusan juta hingga miliaran rupiah.",merdeka.com,2022-06-11,Malware,Telekomunikasi,Surabaya,neutral,44,2025-12-24 12:38:01.515190
NEWS-000478,Serangan Skimming Menargetkan Pendidikan di Yogyakarta,"Laporan terbaru menunjukkan adanya kasus Skimming yang menargetkan 
            sektor Pendidikan di wilayah Yogyakarta. Menurut sumber dari 
            Kepolisian, insiden ini 
            terjadi pada 02 March 2023. Para ahli keamanan siber 
            menyarankan masyarakat untuk meningkatkan kewaspadaan terhadap ancaman 
            serupa. Kerugian diperkirakan mencapai ratusan juta hingga miliaran rupiah.",merdeka.com,2023-03-02,Skimming,Pendidikan,Yogyakarta,negative,44,2025-12-24 12:38:01.515228
NEWS-000479,Serangan Phishing Menargetkan Fintech di Yogyakarta,"Laporan terbaru menunjukkan adanya kasus Phishing yang menargetkan 
            sektor Fintech di wilayah Yogyakarta. Menurut sumber dari 
            Kepolisian, insiden ini 
            terjadi pada 23 April 2023. Para ahli keamanan siber 
            menyarankan masyarakat untuk meningkatkan kewaspadaan terhadap ancaman 
            serupa. Kerugian diperkirakan mencapai ratusan juta hingga miliaran rupiah.",liputan6.com,2023-04-23,Phishing,Fintech,Yogyakarta,negative,44,2025-12-24 12:38:01.515265
NEWS-000480,Waspada! Modus Baru Kebocoran Data Melalui Media Sosial,"Laporan terbaru menunjukkan adanya kasus Kebocoran Data yang menargetkan 
            sektor Kesehatan di wilayah Bali. Menurut sumber dari 
            Kominfo, insiden ini 
            terjadi pada 15 June 2023. Para ahli keamanan siber 
            menyarankan masyarakat untuk meningkatkan kewaspadaan terhadap ancaman 
            serupa. Kerugian diperkirakan mencapai ratusan juta hingga miliaran rupiah.",republika.co.id,2023-06-15,Kebocoran Data,Kesehatan,Bali,negative,45,2025-12-24 12:38:01.515302
NEWS-000481,Polri Tangkap Pelaku Social Engineering yang Rugikan Korban Rp 231 Juta,"Laporan terbaru menunjukkan adanya kasus Social Engineering yang menargetkan 
            sektor Telekomunikasi di wilayah Bandung. Menurut sumber dari 
            Kepolisian, insiden ini 
            terjadi pada 12 February 2022. Para ahli keamanan siber 
            menyarankan masyarakat untuk meningkatkan kewaspadaan terhadap ancaman 
            serupa. Kerugian diperkirakan mencapai ratusan juta hingga miliaran rupiah.",tribunnews.com,2022-02-12,Social Engineering,Telekomunikasi,Bandung,neutral,45,2025-12-24 12:38:01.515344
NEWS-000482,Waspada! Modus Baru Kebocoran Data Melalui Website Palsu,"Laporan terbaru menunjukkan adanya kasus Kebocoran Data yang menargetkan 
            sektor UMKM di wilayah Yogyakarta. Menurut sumber dari 
            Kepolisian, insiden ini 
            terjadi pada 01 October 2021. Para ahli keamanan siber 
            menyarankan masyarakat untuk meningkatkan kewaspadaan terhadap ancaman 
            serupa. Kerugian diperkirakan mencapai ratusan juta hingga miliaran rupiah.",cnnindonesia.com,2021-10-01,Kebocoran Data,UMKM,Yogyakarta,negative,45,2025-12-24 12:38:01.515381
NEWS-000483,Serangan DDoS Menargetkan Telekomunikasi di Bali,"Laporan terbaru menunjukkan adanya kasus DDoS yang menargetkan 
            sektor Telekomunikasi di wilayah Bali. Menurut sumber dari 
            Kominfo, insiden ini 
            terjadi pada 20 April 2024. Para ahli keamanan siber 
            menyarankan masyarakat untuk meningkatkan kewaspadaan terhadap ancaman 
            serupa. Kerugian diperkirakan mencapai ratusan juta hingga miliaran rupiah.",liputan6.com,2024-04-20,DDoS,Telekomunikasi,Bali,negative,44,2025-12-24 12:38:01.515435
NEWS-000484,Telekomunikasi Kehilangan Data Jutaan Pengguna Akibat Phishing,"Laporan terbaru menunjukkan adanya kasus Phishing yang menargetkan 
            sektor Telekomunikasi di wilayah Jawa Barat. Menurut sumber dari 
            Kominfo, insiden ini 
            terjadi pada 04 June 2023. Para ahli keamanan siber 
            menyarankan masyarakat untuk meningkatkan kewaspadaan terhadap ancaman 
            serupa. Kerugian diperkirakan mencapai ratusan juta hingga miliaran rupiah.",merdeka.com,2023-06-04,Phishing,Telekomunikasi,Jawa Barat,neutral,45,2025-12-24 12:38:01.515477
NEWS-000485,BSSN Ungkap Lonjakan Kasus Penipuan Online Sepanjang 2024,"Laporan terbaru menunjukkan adanya kasus Penipuan Online yang menargetkan 
            sektor Pendidikan di wilayah Bandung. Menurut sumber dari 
            Kominfo, insiden ini 
            terjadi pada 12 February 2024. Para ahli keamanan siber 
            menyarankan masyarakat untuk meningkatkan kewaspadaan terhadap ancaman 
            serupa. Kerugian diperkirakan mencapai ratusan juta hingga miliaran rupiah.",tempo.co,2024-02-12,Penipuan Online,Pendidikan,Bandung,negative,45,2025-12-24 12:38:01.515513
NEWS-000486,BSSN Ungkap Lonjakan Kasus Social Engineering Sepanjang 2023,"Laporan terbaru menunjukkan adanya kasus Social Engineering yang menargetkan 
            sektor Fintech di wilayah Makassar. Menurut sumber dari 
            Kominfo, insiden ini 
            terjadi pada 03 December 2023. Para ahli keamanan siber 
            menyarankan masyarakat untuk meningkatkan kewaspadaan terhadap ancaman 
            serupa. Kerugian diperkirakan mencapai ratusan juta hingga miliaran rupiah.",tempo.co,2023-12-03,Social Engineering,Fintech,Makassar,neutral,45,2025-12-24 12:38:01.515550
NEWS-000487,Tips Lindungi Data dari Penipuan Online Menurut Pakar Keamanan,"Laporan terbaru menunjukkan adanya kasus Penipuan Online yang menargetkan 
            sektor E-Commerce di wilayah Yogyakarta. Menurut sumber dari 
            BSSN, insiden ini 
            terjadi pada 01 January 2021. Para ahli keamanan siber 
            menyarankan masyarakat untuk meningkatkan kewaspadaan terhadap ancaman 
            serupa. Kerugian diperkirakan mencapai ratusan juta hingga miliaran rupiah.",cnnindonesia.com,2021-01-01,Penipuan Online,E-Commerce,Yogyakarta,neutral,45,2025-12-24 12:38:01.515587
NEWS-000488,Polri Tangkap Pelaku Hacking yang Rugikan Korban Rp 41 Juta,"Laporan terbaru menunjukkan adanya kasus Hacking yang menargetkan 
            sektor Telekomunikasi di wilayah Jawa Barat. Menurut sumber dari 
            Kominfo, insiden ini 
            terjadi pada 15 February 2024. Para ahli keamanan siber 
            menyarankan masyarakat untuk meningkatkan kewaspadaan terhadap ancaman 
            serupa. Kerugian diperkirakan mencapai ratusan juta hingga miliaran rupiah.",tempo.co,2024-02-15,Hacking,Telekomunikasi,Jawa Barat,neutral,45,2025-12-24 12:38:01.515624
NEWS-000489,Waspada! Modus Baru Hacking Melalui Media Sosial,"Laporan terbaru menunjukkan adanya kasus Hacking yang menargetkan 
            sektor Kesehatan di wilayah Bali. Menurut sumber dari 
            Kepolisian, insiden ini 
            terjadi pada 12 September 2022. Para ahli keamanan siber 
            menyarankan masyarakat untuk meningkatkan kewaspadaan terhadap ancaman 
            serupa. Kerugian diperkirakan mencapai ratusan juta hingga miliaran rupiah.",merdeka.com,2022-09-12,Hacking,Kesehatan,Bali,negative,44,2025-12-24 12:38:01.515661
NEWS-000490,Kerugian Akibat Phishing Capai Rp 339 Miliar,"Laporan terbaru menunjukkan adanya kasus Phishing yang menargetkan 
            sektor Pemerintahan di wilayah Surabaya. Menurut sumber dari 
            Kepolisian, insiden ini 
            terjadi pada 24 June 2024. Para ahli keamanan siber 
            menyarankan masyarakat untuk meningkatkan kewaspadaan terhadap ancaman 
            serupa. Kerugian diperkirakan mencapai ratusan juta hingga miliaran rupiah.",detik.com,2024-06-24,Phishing,Pemerintahan,Surabaya,negative,44,2025-12-24 12:38:01.515702
NEWS-000491,Kominfo Blokir 571 Situs Terkait Ransomware,"Laporan terbaru menunjukkan adanya kasus Ransomware yang menargetkan 
            sektor E-Commerce di wilayah Jawa Barat. Menurut sumber dari 
            BSSN, insiden ini 
            terjadi pada 08 March 2022. Para ahli keamanan siber 
            menyarankan masyarakat untuk meningkatkan kewaspadaan terhadap ancaman 
            serupa. Kerugian diperkirakan mencapai ratusan juta hingga miliaran rupiah.",republika.co.id,2022-03-08,Ransomware,E-Commerce,Jawa Barat,negative,45,2025-12-24 12:38:01.515743
NEWS-000492,BSSN Ungkap Lonjakan Kasus Ransomware Sepanjang 2022,"Laporan terbaru menunjukkan adanya kasus Ransomware yang menargetkan 
            sektor Kesehatan di wilayah Makassar. Menurut sumber dari 
            Kominfo, insiden ini 
            terjadi pada 09 September 2022. Para ahli keamanan siber 
            menyarankan masyarakat untuk meningkatkan kewaspadaan terhadap ancaman 
            serupa. Kerugian diperkirakan mencapai ratusan juta hingga miliaran rupiah.",tribunnews.com,2022-09-09,Ransomware,Kesehatan,Makassar,negative,44,2025-12-24 12:38:01.515779
NEWS-000493,Waspada! Modus Baru Penipuan Online Melalui SMS,"Laporan terbaru menunjukkan adanya kasus Penipuan Online yang menargetkan 
            sektor Pemerintahan di wilayah Jawa Timur. Menurut sumber dari 
            Kepolisian, insiden ini 
            terjadi pada 01 February 2022. Para ahli keamanan siber 
            menyarankan masyarakat untuk meningkatkan kewaspadaan terhadap ancaman 
            serupa. Kerugian diperkirakan mencapai ratusan juta hingga miliaran rupiah.",tempo.co,2022-02-01,Penipuan Online,Pemerintahan,Jawa Timur,neutral,46,2025-12-24 12:38:01.515817
NEWS-000494,Polri Tangkap Pelaku Penipuan Online yang Rugikan Korban Rp 479 Juta,"Laporan terbaru menunjukkan adanya kasus Penipuan Online yang menargetkan 
            sektor Startup di wilayah Medan. Menurut sumber dari 
            BSSN, insiden ini 
            terjadi pada 19 December 2022. Para ahli keamanan siber 
            menyarankan masyarakat untuk meningkatkan kewaspadaan terhadap ancaman 
            serupa. Kerugian diperkirakan mencapai ratusan juta hingga miliaran rupiah.",cnnindonesia.com,2022-12-19,Penipuan Online,Startup,Medan,negative,45,2025-12-24 12:38:01.515860
NEWS-000495,Tips Lindungi Data dari Hacking Menurut Pakar Keamanan,"Laporan terbaru menunjukkan adanya kasus Hacking yang menargetkan 
            sektor UMKM di wilayah Medan. Menurut sumber dari 
            BSSN, insiden ini 
            terjadi pada 09 August 2024. Para ahli keamanan siber 
            menyarankan masyarakat untuk meningkatkan kewaspadaan terhadap ancaman 
            serupa. Kerugian diperkirakan mencapai ratusan juta hingga miliaran rupiah.",detik.com,2024-08-09,Hacking,UMKM,Medan,negative,44,2025-12-24 12:38:01.515898
NEWS-000496,Polri Tangkap Pelaku Hacking yang Rugikan Korban Rp 156 Juta,"Laporan terbaru menunjukkan adanya kasus Hacking yang menargetkan 
            sektor Kesehatan di wilayah Jawa Timur. Menurut sumber dari 
            BSSN, insiden ini 
            terjadi pada 20 September 2022. Para ahli keamanan siber 
            menyarankan masyarakat untuk meningkatkan kewaspadaan terhadap ancaman 
            serupa. Kerugian diperkirakan mencapai ratusan juta hingga miliaran rupiah.",tempo.co,2022-09-20,Hacking,Kesehatan,Jawa Timur,negative,45,2025-12-24 12:38:01.515934
NEWS-000497,Kasus Phishing di Bali Meningkat 120%,"Laporan terbaru menunjukkan adanya kasus Phishing yang menargetkan 
            sektor Startup di wilayah Bali. Menurut sumber dari 
            Kominfo, insiden ini 
            terjadi pada 06 July 2024. Para ahli keamanan siber 
            menyarankan masyarakat untuk meningkatkan kewaspadaan terhadap ancaman 
            serupa. Kerugian diperkirakan mencapai ratusan juta hingga miliaran rupiah.",tribunnews.com,2024-07-06,Phishing,Startup,Bali,neutral,44,2025-12-24 12:38:01.515972
NEWS-000498,Kasus Social Engineering di Yogyakarta Meningkat 73%,"Laporan terbaru menunjukkan adanya kasus Social Engineering yang menargetkan 
            sektor Fintech di wilayah Yogyakarta. Menurut sumber dari 
            BSSN, insiden ini 
            terjadi pada 04 December 2021. Para ahli keamanan siber 
            menyarankan masyarakat untuk meningkatkan kewaspadaan terhadap ancaman 
            serupa. Kerugian diperkirakan mencapai ratusan juta hingga miliaran rupiah.",republika.co.id,2021-12-04,Social Engineering,Fintech,Yogyakarta,neutral,45,2025-12-24 12:38:01.516014
NEWS-000499,E-Commerce Indonesia Jadi Target Utama Malware,"Laporan terbaru menunjukkan adanya kasus Malware yang menargetkan 
            sektor E-Commerce di wilayah Yogyakarta. Menurut sumber dari 
            Kepolisian, insiden ini 
            terjadi pada 25 January 2024. Para ahli keamanan siber 
            menyarankan masyarakat untuk meningkatkan kewaspadaan terhadap ancaman 
            serupa. Kerugian diperkirakan mencapai ratusan juta hingga miliaran rupiah.",liputan6.com,2024-01-25,Malware,E-Commerce,Yogyakarta,negative,44,2025-12-24 12:38:01.516051
NEWS-000500,Kasus Malware di Surabaya Meningkat 44%,"Laporan terbaru menunjukkan adanya kasus Malware yang menargetkan 
            sektor Telekomunikasi di wilayah Surabaya. Menurut sumber dari 
            Kominfo, insiden ini 
            terjadi pada 08 October 2022. Para ahli keamanan siber 
            menyarankan masyarakat untuk meningkatkan kewaspadaan terhadap ancaman 
            serupa. Kerugian diperkirakan mencapai ratusan juta hingga miliaran rupiah.",detik.com,2022-10-08,Malware,Telekomunikasi,Surabaya,neutral,44,2025-12-24 12:38:01.516088
